Time (sec),Engine Speed (RPM),Accel Pedal Position (%),Boost Press. (psi),PUT Set Point (psi),Press Upstream Throttle (psi),Charge Air Temperature (C),Torque Actual (ft-lb),Current Gear (-),Knock Retard Cylinder 1 (Degrees),Knock Retard Cylinder 2 (Degrees),Knock Retard Cylinder 3 (Degrees),Knock Retard Cylinder 4 (Degrees),LTFT (%),STFT (%),AFR (AFR),AFR Set Point (AFR),Rail Press. (psi),Rail Pressure Set Point (psi),Ignition Timing Final (Degrees),(DSG)Vehicle Speed (mph),Exhaust Cam Position (Degrees),Engine Oil Temp. (C),"AP Info:[AP3-VLK-003 v1.7.6.0-26745][USDM Volkswagen CCF Mk7 Golf R / Audi S3 (CYFB 8V09C0BB01)][Reflash: EQT - Stage 2 91 v2.52 - LC TC BRBL-S.ptm - TCM: COBB Aggressive v110.ptm]"
0,2000,30,5,19.5,19.5,40,100,4,0,0,0,0,1,-0.8,14.7,14.7,580,580,18,45,-12.5,80,
0.2,2000,30,5,19.5,19.5,40.2764,100,4,0,0,0,0,1,-0.8,14.7,14.7,580,580,18,45,-12.5,80.1206,
0.4,2000,30,5,19.5,19.5,40.5528,100,4,0,0,0,0,1,-0.8,14.7,14.7,580,580,18,45,-12.5,80.2412,
0.6,2000,30,5,19.5,19.5,40.8291,100,4,0,0,0,0,1,-0.8,14.7,14.7,580,580,18,45,-12.5,80.3618,
0.8,2000,30,5,19.5,19.5,41.1055,100,4,0,0,0,0,1,-0.8,14.7,14.7,580,580,18,45,-12.5,80.4824,
1,2000,30,5,19.5,19.5,41.3819,100,4,0,0,0,0,1,-0.8,14.7,14.7,580,580,18,45,-12.5,80.603,
1.2,2000,30,5,19.5,19.5,41.6583,100,4,0,0,0,0,1,-0.8,14.7,14.7,580,580,18,45,-12.5,80.7236,
1.4,2000,30,5,19.5,19.5,41.9347,100,4,0,0,0,0,1,-0.8,14.7,14.7,580,580,18,45,-12.5,80.8442,
1.6,2000,30,5,19.5,19.5,42.2111,100,4,0,0,0,0,1,-0.8,14.7,14.7,580,580,18,45,-12.5,80.9648,
1.8,2000,30,5,19.5,19.5,42.4874,100,4,0,0,0,0,1,-0.8,14.7,14.7,580,580,18,45,-12.5,81.0854,
2,2000,30,5,19.5,19.5,42.7638,100,4,0,0,0,0,1,-0.8,14.7,14.7,580,580,18,45,-12.5,81.206,
2.2,2000,30,5,19.5,19.5,43.0402,100,4,0,0,0,0,1,-0.8,14.7,14.7,580,580,18,45,-12.5,81.3266,
2.4,2000,30,5,19.5,19.5,43.3166,100,4,0,0,0,0,1,-0.8,14.7,14.7,580,580,18,45,-12.5,81.4472,
2.6,2000,30,5,19.5,19.5,43.593,100,4,0,0,0,0,1,-0.8,14.7,14.7,580,580,18,45,-12.5,81.5678,
2.8,2000,30,5,19.5,19.5,43.8693,100,4,0,0,0,0,1,-0.8,14.7,14.7,580,580,18,45,-12.5,81.6884,
3,2000,30,5,19.5,19.5,44.1457,100,4,0,0,0,0,1,-0.8,14.7,14.7,580,580,18,45,-12.5,81.809,
3.2,2000,30,5,19.5,19.5,44.4221,100,4,0,0,0,0,1,-0.8,14.7,14.7,580,580,18,45,-12.5,81.9296,
3.4,2000,30,5,19.5,19.5,44.6985,100,4,0,0,0,0,1,-0.8,14.7,14.7,580,580,18,45,-12.5,82.0503,
3.6,2000,30,5,19.5,19.5,44.9749,100,4,0,0,0,0,1,-0.8,14.7,14.7,580,580,18,45,-12.5,82.1709,
3.8,2000,30,5,19.5,19.5,45.2513,100,4,0,0,0,0,1,-0.8,14.7,14.7,580,580,18,45,-12.5,82.2915,
4,2000,30,5,19.5,19.5,45.5276,100,4,0,0,0,0,1,-0.8,14.7,14.7,580,580,18,45,-12.5,82.4121,
4.2,2000,30,5,19.5,19.5,45.804,100,4,0,0,0,0,1,-0.8,14.7,14.7,580,580,18,45,-12.5,82.5327,
4.4,2000,30,5,19.5,19.5,46.0804,100,4,0,0,0,0,1,-0.8,14.7,14.7,580,580,18,45,-12.5,82.6533,
4.6,2000,30,5,19.5,19.5,46.3568,100,4,0,0,0,0,1,-0.8,14.7,14.7,580,580,18,45,-12.5,82.7739,
4.8,2000,30,5,19.5,19.5,46.6332,100,4,0,0,0,0,1,-0.8,14.7,14.7,580,580,18,45,-12.5,82.8945,
5,2000,30,5,19.5,19.5,46.9095,100,4,0,0,0,0,1,-0.8,14.7,14.7,580,580,18,45,-12.5,83.0151,
5.2,2000,30,5,19.5,19.5,47.1859,100,4,0,0,0,0,1,-0.8,14.7,14.7,580,580,18,45,-12.5,83.1357,
5.4,2000,30,5,19.5,19.5,47.4623,100,4,0,0,0,0,1,-0.8,14.7,14.7,580,580,18,45,-12.5,83.2563,
5.6,2000,30,5,19.5,19.5,47.7387,100,4,0,0,0,0,1,-0.8,14.7,14.7,580,580,18,45,-12.5,83.3769,
5.8,2000,30,5,19.5,19.5,48.0151,100,4,0,0,0,0,1,-0.8,14.7,14.7,580,580,18,45,-12.5,83.4975,
6,2000,30,5,19.5,19.5,48.2915,100,4,0,0,0,0,1,-0.8,14.7,14.7,580,580,18,45,-12.5,83.6181,
6.2,2000,30,5,19.5,19.5,48.5678,100,4,0,0,0,0,1,-0.8,14.7,14.7,580,580,18,45,-12.5,83.7387,
6.4,2000,30,5,19.5,19.5,48.8442,100,4,0,0,0,0,1,-0.8,14.7,14.7,580,580,18,45,-12.5,83.8593,
6.6,2000,30,5,19.5,19.5,49.1206,100,4,0,0,0,0,1,-0.8,14.7,14.7,580,580,18,45,-12.5,83.9799,
6.8,2000,30,5,19.5,19.5,49.397,100,4,0,0,0,0,1,-0.8,14.7,14.7,580,580,18,45,-12.5,84.1005,
7,2000,30,5,19.5,19.5,49.6734,100,4,0,0,0,0,1,-0.8,14.7,14.7,580,580,18,45,-12.5,84.2211,
7.2,2000,30,5,19.5,19.5,49.9497,100,4,0,0,0,0,1,-0.8,14.7,14.7,580,580,18,45,-12.5,84.3417,
7.4,2000,30,5,19.5,19.5,50.2261,100,4,0,0,0,0,1,-0.8,14.7,14.7,580,580,18,45,-12.5,84.4623,
7.6,2000,30,5,19.5,19.5,50.5025,100,4,0,0,0,0,1,-0.8,14.7,14.7,580,580,18,45,-12.5,84.5829,
7.8,2000,30,5,19.5,19.5,50.7789,100,4,0,0,0,0,1,-0.8,14.7,14.7,580,580,18,45,-12.5,84.7035,
8,2000,30,5,19.5,19.5,51.0553,100,4,0,0,0,0,1,-0.8,14.7,14.7,580,580,18,45,-12.5,84.8241,
8.2,2000,30,5,19.5,19.5,51.3317,100,4,0,0,0,0,1,-0.8,14.7,14.7,580,580,18,45,-12.5,84.9447,
8.4,2000,30,5,19.5,19.5,51.608,100,4,0,0,0,0,1,-0.8,14.7,14.7,580,580,18,45,-12.5,85.0653,
8.6,2000,30,5,19.5,19.5,51.8844,100,4,0,0,0,0,1,-0.8,14.7,14.7,580,580,18,45,-12.5,85.1859,
8.8,2000,30,5,19.5,19.5,52.1608,100,4,0,0,0,0,1,-0.8,14.7,14.7,580,580,18,45,-12.5,85.3065,
9,2000,30,5,19.5,19.5,52.4372,100,4,0,0,0,0,1,-0.8,14.7,14.7,580,580,18,45,-12.5,85.4271,
9.2,2000,30,5,19.5,19.5,52.7136,100,4,0,0,0,0,1,-0.8,14.7,14.7,580,580,18,45,-12.5,85.5477,
9.4,2000,30,5,19.5,19.5,52.9899,100,4,0,0,0,0,1,-0.8,14.7,14.7,580,580,18,45,-12.5,85.6683,
9.6,2000,30,5,19.5,19.5,53.2663,100,4,0,0,0,0,1,-0.8,14.7,14.7,580,580,18,45,-12.5,85.7889,
9.8,2000,30,5,19.5,19.5,53.5427,100,4,0,0,0,0,1,-0.8,14.7,14.7,580,580,18,45,-12.5,85.9095,
10,2000,30,5,19.5,19.5,53.8191,100,4,0,0,0,0,1,-0.8,14.7,14.7,580,580,18,45,-12.5,86.0302,
10.2,2000,30,5,19.5,19.5,54.0955,100,4,0,0,0,0,1,-0.8,14.7,14.7,580,580,18,45,-12.5,86.1508,
10.4,2000,30,5,19.5,19.5,54.3719,100,4,0,0,0,0,1,-0.8,14.7,14.7,580,580,18,45,-12.5,86.2714,
10.6,2000,30,5,19.5,19.5,54.6482,100,4,0,0,0,0,1,-0.8,14.7,14.7,580,580,18,45,-12.5,86.392,
10.8,2000,30,5,19.5,19.5,54.9246,100,4,0,0,0,0,1,-0.8,14.7,14.7,580,580,18,45,-12.5,86.5126,
11,2000,30,5,19.5,19.5,55.201,100,4,0,0,0,0,1,-0.8,14.7,14.7,580,580,18,45,-12.5,86.6332,
11.2,2000,30,5,19.5,19.5,55.4774,100,4,0,0,0,0,1,-0.8,14.7,14.7,580,580,18,45,-12.5,86.7538,
11.4,2000,30,5,19.5,19.5,55.7538,100,4,0,0,0,0,1,-0.8,14.7,14.7,580,580,18,45,-12.5,86.8744,
11.6,2000,30,5,19.5,19.5,56.0302,100,4,0,0,0,0,1,-0.8,14.7,14.7,580,580,18,45,-12.5,86.995,
11.8,2000,30,5,19.5,19.5,56.3065,100,4,0,0,0,0,1,-0.8,14.7,14.7,580,580,18,45,-12.5,87.1156,
12,2000,30,5,19.5,19.5,56.5829,100,4,0,0,0,0,1,-0.8,14.7,14.7,580,580,18,45,-12.5,87.2362,
12.2,2000,30,5,19.5,19.5,56.8593,100,4,0,0,0,0,1,-0.8,14.7,14.7,580,580,18,45,-12.5,87.3568,
12.4,2000,30,5,19.5,19.5,57.1357,100,4,0,0,0,0,1,-0.8,14.7,14.7,580,580,18,45,-12.5,87.4774,
12.6,2000,30,5,19.5,19.5,57.4121,100,4,0,0,0,0,1,-0.8,14.7,14.7,580,580,18,45,-12.5,87.598,
12.8,2000,30,5,19.5,19.5,57.6884,100,4,0,0,0,0,1,-0.8,14.7,14.7,580,580,18,45,-12.5,87.7186,
13,2000,30,5,19.5,19.5,57.9648,100,4,0,0,0,0,1,-0.8,14.7,14.7,580,580,18,45,-12.5,87.8392,
13.2,2000,30,5,19.5,19.5,58.2412,100,4,0,0,0,0,1,-0.8,14.7,14.7,580,580,18,45,-12.5,87.9598,
13.4,2000,30,5,19.5,19.5,58.5176,100,4,0,0,0,0,1,-0.8,14.7,14.7,580,580,18,45,-12.5,88.0804,
13.6,2000,30,5,19.5,19.5,58.794,100,4,0,0,0,0,1,-0.8,14.7,14.7,580,580,18,45,-12.5,88.201,
13.8,2000,30,5,19.5,19.5,59.0704,100,4,0,0,0,0,1,-0.8,14.7,14.7,580,580,18,45,-12.5,88.3216,
14,2000,30,5,19.5,19.5,59.3467,100,4,0,0,0,0,1,-0.8,14.7,14.7,580,580,18,45,-12.5,88.4422,
14.2,2000,30,5,19.5,19.5,59.6231,100,4,0,0,0,0,1,-0.8,14.7,14.7,580,580,18,45,-12.5,88.5628,
14.4,2000,30,5,19.5,19.5,59.8995,100,4,0,0,0,0,1,-0.8,14.7,14.7,580,580,18,45,-12.5,88.6834,
14.6,2000,30,5,19.5,19.5,60.1759,100,4,0,0,0,0,1,-0.8,14.7,14.7,580,580,18,45,-12.5,88.804,
14.8,2000,30,5,19.5,19.5,60.4523,100,4,0,0,0,0,1,-0.8,14.7,14.7,580,580,18,45,-12.5,88.9246,
15,2000,30,5,19.5,19.5,60.7286,100,4,0,0,0,0,1,-0.8,14.7,14.7,580,580,18,45,-12.5,89.0452,
15.2,2000,30,5,19.5,19.5,61.005,100,4,0,0,0,0,1,-0.8,14.7,14.7,580,580,18,45,-12.5,89.1658,
15.4,2000,30,5,19.5,19.5,61.2814,100,4,0,0,0,0,1,-0.8,14.7,14.7,580,580,18,45,-12.5,89.2864,
15.6,2000,30,5,19.5,19.5,61.5578,100,4,0,0,0,0,1,-0.8,14.7,14.7,580,580,18,45,-12.5,89.407,
15.8,2000,30,5,19.5,19.5,61.8342,100,4,0,0,0,0,1,-0.8,14.7,14.7,580,580,18,45,-12.5,89.5276,
16,2000,30,5,19.5,19.5,62.1106,100,4,0,0,0,0,1,-0.8,14.7,14.7,580,580,18,45,-12.5,89.6482,
16.2,2000,30,5,19.5,19.5,62.3869,100,4,0,0,0,0,1,-0.8,14.7,14.7,580,580,18,45,-12.5,89.7688,
16.4,2000,30,5,19.5,19.5,62.6633,100,4,0,0,0,0,1,-0.8,14.7,14.7,580,580,18,45,-12.5,89.8894,
16.6,2000,30,5,19.5,19.5,62.9397,100,4,0,0,0,0,1,-0.8,14.7,14.7,580,580,18,45,-12.5,90.0101,
16.8,2000,30,5,19.5,19.5,63.2161,100,4,0,0,0,0,1,-0.8,14.7,14.7,580,580,18,45,-12.5,90.1307,
17,2000,30,5,19.5,19.5,63.4925,100,4,0,0,0,0,1,-0.8,14.7,14.7,580,580,18,45,-12.5,90.2513,
17.2,2000,30,5,19.5,19.5,63.7688,100,4,0,0,0,0,1,-0.8,14.7,14.7,580,580,18,45,-12.5,90.3719,
17.4,2000,30,5,19.5,19.5,64.0452,100,4,0,0,0,0,1,-0.8,14.7,14.7,580,580,18,45,-12.5,90.4925,
17.6,2000,30,5,19.5,19.5,64.3216,100,4,0,0,0,0,1,-0.8,14.7,14.7,580,580,18,45,-12.5,90.6131,
17.8,2000,30,5,19.5,19.5,64.598,100,4,0,0,0,0,1,-0.8,14.7,14.7,580,580,18,45,-12.5,90.7337,
18,2000,30,5,19.5,19.5,64.8744,100,4,0,0,0,0,1,-0.8,14.7,14.7,580,580,18,45,-12.5,90.8543,
18.2,2000,30,5,19.5,19.5,65.1508,100,4,0,0,0,0,1,-0.8,14.7,14.7,580,580,18,45,-12.5,90.9749,
18.4,2000,30,5,19.5,19.5,65.4271,100,4,0,0,0,0,1,-0.8,14.7,14.7,580,580,18,45,-12.5,91.0955,
18.6,2000,30,5,19.5,19.5,65.7035,100,4,0,0,0,0,1,-0.8,14.7,14.7,580,580,18,45,-12.5,91.2161,
18.8,2000,30,5,19.5,19.5,65.9799,100,4,0,0,0,0,1,-0.8,14.7,14.7,580,580,18,45,-12.5,91.3367,
19,2000,30,5,19.5,19.5,66.2563,100,4,0,0,0,0,1,-0.8,14.7,14.7,580,580,18,45,-12.5,91.4573,
19.2,2000,30,5,19.5,19.5,66.5327,100,4,0,0,0,0,1,-0.8,14.7,14.7,580,580,18,45,-12.5,91.5779,
19.4,2000,30,5,19.5,19.5,66.809,100,4,0,0,0,0,1,-0.8,14.7,14.7,580,580,18,45,-12.5,91.6985,
19.6,2000,30,5,19.5,19.5,67.0854,100,4,0,0,0,0,1,-0.8,14.7,14.7,580,580,18,45,-12.5,91.8191,
19.8,2000,30,5,19.5,19.5,67.3618,100,4,0,0,0,0,1,-0.8,14.7,14.7,580,580,18,45,-12.5,91.9397,
20,2000,30,5,19.5,19.5,67.6382,100,4,0,0,0,0,1,-0.8,14.7,14.7,580,580,18,45,-12.5,92.0603,
20.2,2000,30,5,19.5,19.5,67.9146,100,4,0,0,0,0,1,-0.8,14.7,14.7,580,580,18,45,-12.5,92.1809,
20.4,2000,30,5,19.5,19.5,68.191,100,4,0,0,0,0,1,-0.8,14.7,14.7,580,580,18,45,-12.5,92.3015,
20.6,2000,30,5,19.5,19.5,68.4673,100,4,0,0,0,0,1,-0.8,14.7,14.7,580,580,18,45,-12.5,92.4221,
20.8,2000,30,5,19.5,19.5,68.7437,100,4,0,0,0,0,1,-0.8,14.7,14.7,580,580,18,45,-12.5,92.5427,
21,2000,30,5,19.5,19.5,69.0201,100,4,0,0,0,0,1,-0.8,14.7,14.7,580,580,18,45,-12.5,92.6633,
21.2,2000,30,5,19.5,19.5,69.2965,100,4,0,0,0,0,1,-0.8,14.7,14.7,580,580,18,45,-12.5,92.7839,
21.4,2000,30,5,19.5,19.5,69.5729,100,4,0,0,0,0,1,-0.8,14.7,14.7,580,580,18,45,-12.5,92.9045,
21.6,2000,30,5,19.5,19.5,69.8492,100,4,0,0,0,0,1,-0.8,14.7,14.7,580,580,18,45,-12.5,93.0251,
21.8,2000,30,5,19.5,19.5,70.1256,100,4,0,0,0,0,1,-0.8,14.7,14.7,580,580,18,45,-12.5,93.1457,
22,2000,30,5,19.5,19.5,70.402,100,4,0,0,0,0,1,-0.8,14.7,14.7,580,580,18,45,-12.5,93.2663,
22.2,2000,30,5,19.5,19.5,70.6784,100,4,0,0,0,0,1,-0.8,14.7,14.7,580,580,18,45,-12.5,93.3869,
22.4,2000,30,5,19.5,19.5,70.9548,100,4,0,0,0,0,1,-0.8,14.7,14.7,580,580,18,45,-12.5,93.5075,
22.6,2000,30,5,19.5,19.5,71.2312,100,4,0,0,0,0,1,-0.8,14.7,14.7,580,580,18,45,-12.5,93.6281,
22.8,2000,30,5,19.5,19.5,71.5075,100,4,0,0,0,0,1,-0.8,14.7,14.7,580,580,18,45,-12.5,93.7487,
23,2000,30,5,19.5,19.5,71.7839,100,4,0,0,0,0,1,-0.8,14.7,14.7,580,580,18,45,-12.5,93.8693,
23.2,2000,30,5,19.5,19.5,72.0603,100,4,0,0,0,0,1,-0.8,14.7,14.7,580,580,18,45,-12.5,93.9899,
23.4,2000,30,5,19.5,19.5,72.3367,100,4,0,0,0,0,1,-0.8,14.7,14.7,580,580,18,45,-12.5,94.1106,
23.6,2000,30,5,19.5,19.5,72.6131,100,4,0,0,0,0,1,-0.8,14.7,14.7,580,580,18,45,-12.5,94.2312,
23.8,2000,30,5,19.5,19.5,72.8894,100,4,0,0,0,0,1,-0.8,14.7,14.7,580,580,18,45,-12.5,94.3518,
24,2000,30,5,19.5,19.5,73.1658,100,4,0,0,0,0,1,-0.8,14.7,14.7,580,580,18,45,-12.5,94.4724,
24.2,2000,30,5,19.5,19.5,73.4422,100,4,0,0,0,0,1,-0.8,14.7,14.7,580,580,18,45,-12.5,94.593,
24.4,2000,30,5,19.5,19.5,73.7186,100,4,0,0,0,0,1,-0.8,14.7,14.7,580,580,18,45,-12.5,94.7136,
24.6,2000,30,5,19.5,19.5,73.995,100,4,0,0,0,0,1,-0.8,14.7,14.7,580,580,18,45,-12.5,94.8342,
24.8,2000,30,5,19.5,19.5,74.2714,100,4,0,0,0,0,1,-0.8,14.7,14.7,580,580,18,45,-12.5,94.9548,
25,2000,30,5,19.5,19.5,74.5477,100,4,0,0,0,0,1,-0.8,14.7,14.7,580,580,18,45,-12.5,95.0754,
25.2,2000,30,5,19.5,19.5,74.8241,100,4,0,0,0,0,1,-0.8,14.7,14.7,580,580,18,45,-12.5,95.196,
25.4,2000,30,5,19.5,19.5,75.1005,100,4,0,0,0,0,1,-0.8,14.7,14.7,580,580,18,45,-12.5,95.3166,
25.6,2000,30,5,19.5,19.5,75.3769,100,4,0,0,0,0,1,-0.8,14.7,14.7,580,580,18,45,-12.5,95.4372,
25.8,2000,30,5,19.5,19.5,75.6533,100,4,0,0,0,0,1,-0.8,14.7,14.7,580,580,18,45,-12.5,95.5578,
26,2000,30,5,19.5,19.5,75.9296,100,4,0,0,0,0,1,-0.8,14.7,14.7,580,580,18,45,-12.5,95.6784,
26.2,2000,30,5,19.5,19.5,76.206,100,4,0,0,0,0,1,-0.8,14.7,14.7,580,580,18,45,-12.5,95.799,
26.4,2000,30,5,19.5,19.5,76.4824,100,4,0,0,0,0,1,-0.8,14.7,14.7,580,580,18,45,-12.5,95.9196,
26.6,2000,30,5,19.5,19.5,76.7588,100,4,0,0,0,0,1,-0.8,14.7,14.7,580,580,18,45,-12.5,96.0402,
26.8,2000,30,5,19.5,19.5,77.0352,100,4,0,0,0,0,1,-0.8,14.7,14.7,580,580,18,45,-12.5,96.1608,
27,2000,30,5,19.5,19.5,77.3116,100,4,0,0,0,0,1,-0.8,14.7,14.7,580,580,18,45,-12.5,96.2814,
27.2,2000,30,5,19.5,19.5,77.5879,100,4,0,0,0,0,1,-0.8,14.7,14.7,580,580,18,45,-12.5,96.402,
27.4,2000,30,5,19.5,19.5,77.8643,100,4,0,0,0,0,1,-0.8,14.7,14.7,580,580,18,45,-12.5,96.5226,
27.6,2000,30,5,19.5,19.5,78.1407,100,4,0,0,0,0,1,-0.8,14.7,14.7,580,580,18,45,-12.5,96.6432,
27.8,2000,30,5,19.5,19.5,78.4171,100,4,0,0,0,0,1,-0.8,14.7,14.7,580,580,18,45,-12.5,96.7638,
28,2000,30,5,19.5,19.5,78.6935,100,4,0,0,0,0,1,-0.8,14.7,14.7,580,580,18,45,-12.5,96.8844,
28.2,2000,30,5,19.5,19.5,78.9698,100,4,0,0,0,0,1,-0.8,14.7,14.7,580,580,18,45,-12.5,97.005,
28.4,2000,30,5,19.5,19.5,79.2462,100,4,0,0,0,0,1,-0.8,14.7,14.7,580,580,18,45,-12.5,97.1256,
28.6,2000,30,5,19.5,19.5,79.5226,100,4,0,0,0,0,1,-0.8,14.7,14.7,580,580,18,45,-12.5,97.2462,
28.8,2000,30,5,19.5,19.5,79.799,100,4,0,0,0,0,1,-0.8,14.7,14.7,580,580,18,45,-12.5,97.3668,
29,2000,30,5,19.5,19.5,80.0754,100,4,0,0,0,0,1,-0.8,14.7,14.7,580,580,18,45,-12.5,97.4874,
29.2,2000,30,5,19.5,19.5,80.3518,100,4,0,0,0,0,1,-0.8,14.7,14.7,580,580,18,45,-12.5,97.608,
29.4,2000,30,5,19.5,19.5,80.6281,100,4,0,0,0,0,1,-0.8,14.7,14.7,580,580,18,45,-12.5,97.7286,
29.6,2000,30,5,19.5,19.5,80.9045,100,4,0,0,0,0,1,-0.8,14.7,14.7,580,580,18,45,-12.5,97.8492,
29.8,2000,30,5,19.5,19.5,81.1809,100,4,0,0,0,0,1,-0.8,14.7,14.7,580,580,18,45,-12.5,97.9698,
30,2000,30,5,19.5,19.5,81.4573,100,4,0,0,0,0,1,-0.8,14.7,14.7,580,580,18,45,-12.5,98.0905,
30.2,2000,30,5,19.5,19.5,81.7337,100,4,0,0,0,0,1,-0.8,14.7,14.7,580,580,18,45,-12.5,98.2111,
30.4,2000,30,5,19.5,19.5,82.0101,100,4,0,0,0,0,1,-0.8,14.7,14.7,580,580,18,45,-12.5,98.3317,
30.6,2000,30,5,19.5,19.5,82.2864,100,4,0,0,0,0,1,-0.8,14.7,14.7,580,580,18,45,-12.5,98.4523,
30.8,2000,30,5,19.5,19.5,82.5628,100,4,0,0,0,0,1,-0.8,14.7,14.7,580,580,18,45,-12.5,98.5729,
31,2000,30,5,19.5,19.5,82.8392,100,4,0,0,0,0,1,-0.8,14.7,14.7,580,580,18,45,-12.5,98.6935,
31.2,2000,30,5,19.5,19.5,83.1156,100,4,0,0,0,0,1,-0.8,14.7,14.7,580,580,18,45,-12.5,98.8141,
31.4,2000,30,5,19.5,19.5,83.392,100,4,0,0,0,0,1,-0.8,14.7,14.7,580,580,18,45,-12.5,98.9347,
31.6,2000,30,5,19.5,19.5,83.6683,100,4,0,0,0,0,1,-0.8,14.7,14.7,580,580,18,45,-12.5,99.0553,
31.8,2000,30,5,19.5,19.5,83.9447,100,4,0,0,0,0,1,-0.8,14.7,14.7,580,580,18,45,-12.5,99.1759,
32,2000,30,5,19.5,19.5,84.2211,100,4,0,0,0,0,1,-0.8,14.7,14.7,580,580,18,45,-12.5,99.2965,
32.2,2000,30,5,19.5,19.5,84.4975,100,4,0,0,0,0,1,-0.8,14.7,14.7,580,580,18,45,-12.5,99.4171,
32.4,2000,30,5,19.5,19.5,84.7739,100,4,0,0,0,0,1,-0.8,14.7,14.7,580,580,18,45,-12.5,99.5377,
32.6,2000,30,5,19.5,19.5,85.0503,100,4,0,0,0,0,1,-0.8,14.7,14.7,580,580,18,45,-12.5,99.6583,
32.8,2000,30,5,19.5,19.5,85.3266,100,4,0,0,0,0,1,-0.8,14.7,14.7,580,580,18,45,-12.5,99.7789,
33,2000,30,5,19.5,19.5,85.603,100,4,0,0,0,0,1,-0.8,14.7,14.7,580,580,18,45,-12.5,99.8995,
33.2,2000,30,5,19.5,19.5,85.8794,100,4,0,0,0,0,1,-0.8,14.7,14.7,580,580,18,45,-12.5,100.02,
33.4,2000,30,5,19.5,19.5,86.1558,100,4,0,0,0,0,1,-0.8,14.7,14.7,580,580,18,45,-12.5,100.141,
33.6,2000,30,5,19.5,19.5,86.4322,100,4,0,0,0,0,1,-0.8,14.7,14.7,580,580,18,45,-12.5,100.261,
33.8,2000,30,5,19.5,19.5,86.7085,100,4,0,0,0,0,1,-0.8,14.7,14.7,580,580,18,45,-12.5,100.382,
34,2000,30,5,19.5,19.5,86.9849,100,4,0,0,0,0,1,-0.8,14.7,14.7,580,580,18,45,-12.5,100.503,
34.2,2000,30,5,19.5,19.5,87.2613,100,4,0,0,0,0,1,-0.8,14.7,14.7,580,580,18,45,-12.5,100.623,
34.4,2000,30,5,19.5,19.5,87.5377,100,4,0,0,0,0,1,-0.8,14.7,14.7,580,580,18,45,-12.5,100.744,
34.6,2000,30,5,19.5,19.5,87.8141,100,4,0,0,0,0,1,-0.8,14.7,14.7,580,580,18,45,-12.5,100.864,
34.8,2000,30,5,19.5,19.5,88.0905,100,4,0,0,0,0,1,-0.8,14.7,14.7,580,580,18,45,-12.5,100.985,
35,2000,30,5,19.5,19.5,88.3668,100,4,0,0,0,0,1,-0.8,14.7,14.7,580,580,18,45,-12.5,101.106,
35.2,2000,30,5,19.5,19.5,88.6432,100,4,0,0,0,0,1,-0.8,14.7,14.7,580,580,18,45,-12.5,101.226,
35.4,2000,30,5,19.5,19.5,88.9196,100,4,0,0,0,0,1,-0.8,14.7,14.7,580,580,18,45,-12.5,101.347,
35.6,2000,30,5,19.5,19.5,89.196,100,4,0,0,0,0,1,-0.8,14.7,14.7,580,580,18,45,-12.5,101.467,
35.8,2000,30,5,19.5,19.5,89.4724,100,4,0,0,0,0,1,-0.8,14.7,14.7,580,580,18,45,-12.5,101.588,
36,2000,30,5,19.5,19.5,89.7487,100,4,0,0,0,0,1,-0.8,14.7,14.7,580,580,18,45,-12.5,101.709,
36.2,2000,30,5,19.5,19.5,90.0251,100,4,0,0,0,0,1,-0.8,14.7,14.7,580,580,18,45,-12.5,101.829,
36.4,2000,30,5,19.5,19.5,90.3015,100,4,0,0,0,0,1,-0.8,14.7,14.7,580,580,18,45,-12.5,101.95,
36.6,2000,30,5,19.5,19.5,90.5779,100,4,0,0,0,0,1,-0.8,14.7,14.7,580,580,18,45,-12.5,102.07,
36.8,2000,30,5,19.5,19.5,90.8543,100,4,0,0,0,0,1,-0.8,14.7,14.7,580,580,18,45,-12.5,102.191,
37,2000,30,5,19.5,19.5,91.1307,100,4,0,0,0,0,1,-0.8,14.7,14.7,580,580,18,45,-12.5,102.312,
37.2,2000,30,5,19.5,19.5,91.407,100,4,0,0,0,0,1,-0.8,14.7,14.7,580,580,18,45,-12.5,102.432,
37.4,2000,30,5,19.5,19.5,91.6834,100,4,0,0,0,0,1,-0.8,14.7,14.7,580,580,18,45,-12.5,102.553,
37.6,2000,30,5,19.5,19.5,91.9598,100,4,0,0,0,0,1,-0.8,14.7,14.7,580,580,18,45,-12.5,102.673,
37.8,2000,30,5,19.5,19.5,92.2362,100,4,0,0,0,0,1,-0.8,14.7,14.7,580,580,18,45,-12.5,102.794,
38,2000,30,5,19.5,19.5,92.5126,100,4,0,0,0,0,1,-0.8,14.7,14.7,580,580,18,45,-12.5,102.915,
38.2,2000,30,5,19.5,19.5,92.7889,100,4,0,0,0,0,1,-0.8,14.7,14.7,580,580,18,45,-12.5,103.035,
38.4,2000,30,5,19.5,19.5,93.0653,100,4,0,0,0,0,1,-0.8,14.7,14.7,580,580,18,45,-12.5,103.156,
38.6,2000,30,5,19.5,19.5,93.3417,100,4,0,0,0,0,1,-0.8,14.7,14.7,580,580,18,45,-12.5,103.276,
38.8,2000,30,5,19.5,19.5,93.6181,100,4,0,0,0,0,1,-0.8,14.7,14.7,580,580,18,45,-12.5,103.397,
39,2000,30,5,19.5,19.5,93.8945,100,4,0,0,0,0,1,-0.8,14.7,14.7,580,580,18,45,-12.5,103.518,
39.2,2000,30,5,19.5,19.5,94.1709,100,4,0,0,0,0,1,-0.8,14.7,14.7,580,580,18,45,-12.5,103.638,
39.4,2000,30,5,19.5,19.5,94.4472,100,4,0,0,0,0,1,-0.8,14.7,14.7,580,580,18,45,-12.5,103.759,
39.6,2000,30,5,19.5,19.5,94.7236,100,4,0,0,0,0,1,-0.8,14.7,14.7,580,580,18,45,-12.5,103.879,
39.8,2000,30,5,19.5,19.5,95,100,4,0,0,0,0,1,-0.8,14.7,14.7,580,580,18,45,-12.5,104,
