Time (sec),Engine Speed (RPM),Accel Pedal Position (%),Boost Press. (psi),PUT Set Point (psi),Press Upstream Throttle (psi),Charge Air Temperature (C),Torque Actual (ft-lb),Current Gear (-),Knock Retard Cylinder 1 (Degrees),Knock Retard Cylinder 2 (Degrees),Knock Retard Cylinder 3 (Degrees),Knock Retard Cylinder 4 (Degrees),LTFT (%),STFT (%),AFR (AFR),AFR Set Point (AFR),Rail Press. (psi),Rail Pressure Set Point (psi),Ignition Timing Final (Degrees),(DSG)Vehicle Speed (mph),Exhaust Cam Position (Degrees),(DSG)Target Gear (Gear),HPFP Effective Pump Vol (%),Air Mass IM Per Stroke (mg/stk),Air Mass Per Stroke SP (mg/stk),Torque Maximum Engine (ft-lb),Torque Limitation Source (-),(DSG)Clutch 1 Slip (RPM),"AP Info:[AP3-VLK-003 v1.7.6.0-26745][USDM Volkswagen CCF Mk7 Golf R / Audi S3 (CYFB 8V09C0BB01)][Reflash: EQT - Stage 2 91 v2.52 - LC TC BRBL-S.ptm - TCM: COBB Aggressive v110.ptm]"
0,2000,30,5,19.5,19.5,30,100,4,0,0,0,0,1,-0.8,14.7,14.7,580,580,18,45,-12.5,4,40,400,420,441,0,-2000,
0.2,2000,30,5,19.5,19.5,30.0803,100,4,0,0,0,0,1,-0.8,14.7,14.7,580,580,18,45,-12.5,4,40,400,420,441,0,-2000,
0.4,2000,30,5,19.5,19.5,30.1606,100,4,0,0,0,0,1,-0.8,14.7,14.7,580,580,18,45,-12.5,4,40,400,420,441,0,-2000,
0.6,2000,30,5,19.5,19.5,30.241,100,4,0,0,0,0,1,-0.8,14.7,14.7,580,580,18,45,-12.5,4,40,400,420,441,0,-2000,
0.8,2000,30,5,19.5,19.5,30.3213,100,4,0,0,0,0,1,-0.8,14.7,14.7,580,580,18,45,-12.5,4,40,400,420,441,0,-2000,
1,2000,30,5,19.5,19.5,30.4016,100,4,0,0,0,0,1,-0.8,14.7,14.7,580,580,18,45,-12.5,4,40,400,420,441,0,-2000,
1.2,2000,30,5,19.5,19.5,30.4819,100,4,0,0,0,0,1,-0.8,14.7,14.7,580,580,18,45,-12.5,4,40,400,420,441,0,-2000,
1.4,2000,30,5,19.5,19.5,30.5622,100,4,0,0,0,0,1,-0.8,14.7,14.7,580,580,18,45,-12.5,4,40,400,420,441,0,-2000,
1.6,2000,30,5,19.5,19.5,30.6426,100,4,0,0,0,0,1,-0.8,14.7,14.7,580,580,18,45,-12.5,4,40,400,420,441,0,-2000,
1.8,2000,30,5,19.5,19.5,30.7229,100,4,0,0,0,0,1,-0.8,14.7,14.7,580,580,18,45,-12.5,4,40,400,420,441,0,-2000,
2,2000,30,5,19.5,19.5,30.8032,100,4,0,0,0,0,1,-0.8,14.7,14.7,580,580,18,45,-12.5,4,40,400,420,441,0,-2000,
2.2,2000,30,5,19.5,19.5,30.8835,100,4,0,0,0,0,1,-0.8,14.7,14.7,580,580,18,45,-12.5,4,40,400,420,441,0,-2000,
2.4,2000,30,5,19.5,19.5,30.9639,100,4,0,0,0,0,1,-0.8,14.7,14.7,580,580,18,45,-12.5,4,40,400,420,441,0,-2000,
2.6,2000,30,5,19.5,19.5,31.0442,100,4,0,0,0,0,1,-0.8,14.7,14.7,580,580,18,45,-12.5,4,40,400,420,441,0,-2000,
2.8,2000,30,5,19.5,19.5,31.1245,100,4,0,0,0,0,1,-0.8,14.7,14.7,580,580,18,45,-12.5,4,40,400,420,441,0,-2000,
3,2000,30,5,19.5,19.5,31.2048,100,4,0,0,0,0,1,-0.8,14.7,14.7,580,580,18,45,-12.5,4,40,400,420,441,0,-2000,
3.2,2000,30,5,19.5,19.5,31.2851,100,4,0,0,0,0,1,-0.8,14.7,14.7,580,580,18,45,-12.5,4,40,400,420,441,0,-2000,
3.4,2000,30,5,19.5,19.5,31.3655,100,4,0,0,0,0,1,-0.8,14.7,14.7,580,580,18,45,-12.5,4,40,400,420,441,0,-2000,
3.6,2000,30,5,19.5,19.5,31.4458,100,4,0,0,0,0,1,-0.8,14.7,14.7,580,580,18,45,-12.5,4,40,400,420,441,0,-2000,
3.8,2000,30,5,19.5,19.5,31.5261,100,4,0,0,0,0,1,-0.8,14.7,14.7,580,580,18,45,-12.5,4,40,400,420,441,0,-2000,
4,2000,30,5,19.5,19.5,31.6064,100,4,0,0,0,0,1,-0.8,14.7,14.7,580,580,18,45,-12.5,4,40,400,420,441,0,-2000,
4.2,2000,30,5,19.5,19.5,31.6867,100,4,0,0,0,0,1,-0.8,14.7,14.7,580,580,18,45,-12.5,4,40,400,420,441,0,-2000,
4.4,2000,30,5,19.5,19.5,31.7671,100,4,0,0,0,0,1,-0.8,14.7,14.7,580,580,18,45,-12.5,4,40,400,420,441,0,-2000,
4.6,2000,30,5,19.5,19.5,31.8474,100,4,0,0,0,0,1,-0.8,14.7,14.7,580,580,18,45,-12.5,4,40,400,420,441,0,-2000,
4.8,2000,30,5,19.5,19.5,31.9277,100,4,0,0,0,0,1,-0.8,14.7,14.7,580,580,18,45,-12.5,4,40,400,420,441,0,-2000,
5,2000,30,5,19.5,19.5,32.008,100,4,0,0,0,0,1,-0.8,14.7,14.7,580,580,18,45,-12.5,4,40,400,420,441,0,-2000,
5.2,2000,30,5,19.5,19.5,32.0884,100,4,0,0,0,0,1,-0.8,14.7,14.7,580,580,18,45,-12.5,4,40,400,420,441,0,-2000,
5.4,2000,30,5,19.5,19.5,32.1687,100,4,0,0,0,0,1,-0.8,14.7,14.7,580,580,18,45,-12.5,4,40,400,420,441,0,-2000,
5.6,2000,30,5,19.5,19.5,32.249,100,4,0,0,0,0,1,-0.8,14.7,14.7,580,580,18,45,-12.5,4,40,400,420,441,0,-2000,
5.8,2000,30,5,19.5,19.5,32.3293,100,4,0,0,0,0,1,-0.8,14.7,14.7,580,580,18,45,-12.5,4,40,400,420,441,0,-2000,
6,2000,30,5,19.5,19.5,32.4096,100,4,0,0,0,0,1,-0.8,14.7,14.7,580,580,18,45,-12.5,4,40,400,420,441,0,-2000,
6.2,2000,30,5,19.5,19.5,32.49,100,4,0,0,0,0,1,-0.8,14.7,14.7,580,580,18,45,-12.5,4,40,400,420,441,0,-2000,
6.4,2000,30,5,19.5,19.5,32.5703,100,4,0,0,0,0,1,-0.8,14.7,14.7,580,580,18,45,-12.5,4,40,400,420,441,0,-2000,
6.6,2000,30,5,19.5,19.5,32.6506,100,4,0,0,0,0,1,-0.8,14.7,14.7,580,580,18,45,-12.5,4,40,400,420,441,0,-2000,
6.8,2000,30,5,19.5,19.5,32.7309,100,4,0,0,0,0,1,-0.8,14.7,14.7,580,580,18,45,-12.5,4,40,400,420,441,0,-2000,
7,2000,30,5,19.5,19.5,32.8112,100,4,0,0,0,0,1,-0.8,14.7,14.7,580,580,18,45,-12.5,4,40,400,420,441,0,-2000,
7.2,2000,30,5,19.5,19.5,32.8916,100,4,0,0,0,0,1,-0.8,14.7,14.7,580,580,18,45,-12.5,4,40,400,420,441,0,-2000,
7.4,2000,30,5,19.5,19.5,32.9719,100,4,0,0,0,0,1,-0.8,14.7,14.7,580,580,18,45,-12.5,4,40,400,420,441,0,-2000,
7.6,2000,30,5,19.5,19.5,33.0522,100,4,0,0,0,0,1,-0.8,14.7,14.7,580,580,18,45,-12.5,4,40,400,420,441,0,-2000,
7.8,2000,30,5,19.5,19.5,33.1325,100,4,0,0,0,0,1,-0.8,14.7,14.7,580,580,18,45,-12.5,4,40,400,420,441,0,-2000,
8,2000,30,5,19.5,19.5,33.2129,100,4,0,0,0,0,1,-0.8,14.7,14.7,580,580,18,45,-12.5,4,40,400,420,441,0,-2000,
8.2,2000,30,5,19.5,19.5,33.2932,100,4,0,0,0,0,1,-0.8,14.7,14.7,580,580,18,45,-12.5,4,40,400,420,441,0,-2000,
8.4,2000,30,5,19.5,19.5,33.3735,100,4,0,0,0,0,1,-0.8,14.7,14.7,580,580,18,45,-12.5,4,40,400,420,441,0,-2000,
8.6,2000,30,5,19.5,19.5,33.4538,100,4,0,0,0,0,1,-0.8,14.7,14.7,580,580,18,45,-12.5,4,40,400,420,441,0,-2000,
8.8,2000,30,5,19.5,19.5,33.5341,100,4,0,0,0,0,1,-0.8,14.7,14.7,580,580,18,45,-12.5,4,40,400,420,441,0,-2000,
9,2000,30,5,19.5,19.5,33.6145,100,4,0,0,0,0,1,-0.8,14.7,14.7,580,580,18,45,-12.5,4,40,400,420,441,0,-2000,
9.2,2000,30,5,19.5,19.5,33.6948,100,4,0,0,0,0,1,-0.8,14.7,14.7,580,580,18,45,-12.5,4,40,400,420,441,0,-2000,
9.4,2000,30,5,19.5,19.5,33.7751,100,4,0,0,0,0,1,-0.8,14.7,14.7,580,580,18,45,-12.5,4,40,400,420,441,0,-2000,
9.6,2000,30,5,19.5,19.5,33.8554,100,4,0,0,0,0,1,-0.8,14.7,14.7,580,580,18,45,-12.5,4,40,400,420,441,0,-2000,
9.8,2000,30,5,19.5,19.5,33.9357,100,4,0,0,0,0,1,-0.8,14.7,14.7,580,580,18,45,-12.5,4,40,400,420,441,0,-2000,
10,3000,100,24,38.5,38.5,68,367,1,0,0,0,0,1,-0.8,11.6,11.5,2880,2900,0,5,-12.5,1,100,1500,1800,441,0,400,
10.2,3203.12,100,24,38.5,38.5,69.46,373.094,1,0,0,0,0,1,-0.8,11.6,11.5,2880,2900,0.40625,6.3,-12.5,1,100,1500,1800,441,0,400,
10.4,3406.25,100,24,38.5,38.5,70.92,379.188,1,0,0,0,0,1,-0.8,11.6,11.5,2880,2900,0.8125,7.6,-12.5,1,100,1500,1800,441,0,400,
10.6,3609.38,100,24,38.5,38.5,72.38,385.281,1,0,0,0,0,1,-0.8,11.6,11.5,2880,2900,1.21875,8.9,-12.5,1,100,1500,1800,441,0,400,
10.8,3812.5,100,24,38.5,38.5,73.84,391.375,1,0,0,0,0,1,-0.8,11.6,11.5,2880,2900,1.625,10.2,-12.5,1,100,1500,1800,441,0,400,
11,4015.62,100,24,38.5,38.5,75.3,397.469,1,0,0,0,0,1,-0.8,11.6,11.5,2880,2900,2.03125,11.5,-12.5,1,100,1500,1800,441,,400,
11.2,4218.75,100,24,38.5,38.5,76.76,403.562,1,0,0,0,0,1,-0.8,11.6,11.5,2880,2900,2.4375,12.8,-12.5,1,100,1500,1800,441,0,400,
11.4,4421.88,100,24,38.5,38.5,78.22,409.656,1,0,0,0,0,1,-0.8,11.6,11.5,2880,2900,2.84375,14.1,-12.5,1,100,1500,1800,441,64,400,
11.6,4625,100,24,38.5,38.5,79.68,408.25,1,0,0,0,0,1,-0.8,11.6,11.5,2880,2900,3.25,15.4,-12.5,1,100,1500,1800,441,64,12,
11.8,4828.12,100,24,38.5,38.5,81.14,402.156,1,0,0,0,0,1,-0.8,11.6,11.5,2880,2900,3.65625,16.7,-12.5,1,100,1500,1800,441,0,12,
12,5031.25,100,24,38.5,38.5,82.6,396.062,1,0,0,0,0,1,-0.8,11.6,11.5,2880,2900,4.0625,18,-12.5,1,100,1500,1800,441,0,12,
12.2,5234.38,100,24,38.5,38.5,84.06,389.969,1,0,0,0,0,1,-0.8,11.6,11.5,2880,2900,4.46875,19.3,-12.5,1,100,1500,1800,441,0,12,
12.4,5437.5,100,24,38.5,38.5,85.52,383.875,1,0,0,0,0,1,-0.8,11.6,11.5,2880,2900,4.875,20.6,-12.5,1,100,1500,1800,441,0,12,
12.6,5640.62,100,24,38.5,38.5,86.98,377.781,1,0,0,0,0,1,-0.8,11.6,11.5,2880,2900,5.28125,21.9,-12.5,2,100,1500,1800,441,0,12,
12.8,5843.75,100,24,38.5,38.5,88.44,371.688,1,0,0,0,0,1,-0.8,11.6,11.5,2880,2900,5.6875,23.2,-12.5,2,100,1500,1800,441,0,12,
13,6046.88,100,24,38.5,38.5,89.9,365.594,2,0,0,0,0,1,-0.8,11.6,11.5,2880,2900,6.09375,24.5,-12.5,2,100,1500,1800,441,0,-2000,
13.2,6250,100,24,38.5,38.5,91.36,359.5,2,0,0,0,0,1,-0.8,11.6,11.5,2880,2900,6.5,25.8,-12.5,2,100,1500,1800,441,0,-2000,
13.4,4250,100,24,38.5,38.5,92.82,70,2,0,0,0,0,1,-0.8,11.6,11.5,2880,2900,2.5,27.1,-12.5,2,100,1500,1800,441,0,-2000,
13.6,4367.65,100,24,38.5,38.5,94.28,408.029,2,0,0,0,0,1,-0.8,11.6,11.5,2880,2900,2.73529,28.4,-12.5,2,100,1500,1800,441,64,-2000,
13.8,4485.29,100,24,38.5,38.5,95.74,411.559,2,0,0,0,0,1,-0.8,11.6,11.5,2880,2900,2.97059,29.7,-12.5,2,100,1500,1800,441,64,-2000,
14,4602.94,100,24,38.5,38.5,97.2,408.912,2,0,0,0,0,1,-0.8,11.6,11.5,2880,2900,3.20588,31,-12.5,2,100,1500,0,441,64,-2000,
14.2,4720.59,100,24,38.5,38.5,98.66,405.382,2,0,0,0,0,1,-0.8,11.6,11.5,2880,2900,3.44118,32.3,-12.5,2,100,1500,1800,441,64,-2000,
14.4,4838.24,100,24,38.5,38.5,100.12,401.853,2,0,0,0,0,1,-0.8,11.6,11.5,2880,2900,3.67647,33.6,-12.5,2,100,1500,1800,441,0,-2000,
14.6,4955.88,100,24,38.5,38.5,101.58,398.324,2,0,0,0,0,1,-0.8,11.6,11.5,2880,2900,3.91176,34.9,-12.5,2,100,1500,1800,441,0,-2000,
14.8,5073.53,100,24,38.5,38.5,103.04,394.794,2,0,0,0,0,1,-0.8,11.6,11.5,2880,2900,4.14706,36.2,-12.5,2,100,1500,1800,441,0,-2000,
15,5191.18,100,24,38.5,38.5,104.5,391.265,2,0,0,0,0,1,-0.8,11.6,11.5,2880,2900,4.38235,37.5,-12.5,2,100,1500,1800,441,0,-2000,
15.2,5308.82,100,24,38.5,38.5,105.96,387.735,2,0,0,0,0,1,-0.8,11.6,11.5,2880,2900,4.61765,38.8,-12.5,2,100,1500,1800,441,0,-2000,
15.4,5426.47,100,24,38.5,38.5,107.42,384.206,2,0,0,0,0,1,-0.8,11.6,11.5,2880,2900,4.85294,40.1,-12.5,2,100,1500,1800,441,0,-2000,
15.6,5544.12,100,24,38.5,38.5,108.88,380.676,2,0,0,0,0,1,-0.8,11.6,11.5,2880,2900,5.08824,41.4,-12.5,2,100,1500,1800,441,0,-2000,
15.8,5661.76,100,24,38.5,38.5,110.34,377.147,2,0,0,0,0,1,-0.8,11.6,11.5,2880,2900,5.32353,42.7,-12.5,2,100,1500,1800,441,0,-2000,
16,5779.41,100,24,38.5,38.5,111.8,373.618,2,0,0,0,0,1,-0.8,11.6,11.5,2880,2900,5.55882,44,-12.5,2,100,1500,1800,441,0,-2000,
16.2,5897.06,100,24,38.5,38.5,113.26,370.088,2,0,0,0,0,1,-0.8,11.6,11.5,2880,2900,5.79412,45.3,-12.5,3,100,1500,1800,441,0,-2000,
16.4,6014.71,100,24,38.5,38.5,114.72,366.559,2,0,0,0,0,1,-0.8,11.6,11.5,2880,2900,6.02941,46.6,-12.5,3,100,1500,1800,441,0,-2000,
16.6,6132.35,100,24,38.5,38.5,116.18,363.029,3,0,0,0,0,1,-0.8,11.6,11.5,2880,2900,6.26471,47.9,-12.5,3,100,1500,1800,441,0,1800,
16.8,6250,100,24,38.5,38.5,117.64,359.5,3,0,0,0,0,1,-0.8,11.6,11.5,2880,2900,6.5,49.2,-12.5,3,100,1500,1800,441,0,1800,
17,4750,100,24,38.5,38.5,119.1,70,3,0,0,0,0,1,-0.8,11.6,11.5,2880,2900,3.5,50.5,-12.5,3,100,1500,1800,441,0,1800,
17.2,4833.33,100,24,38.5,38.5,120.56,402,3,0,0,0,0,1,-0.8,11.6,11.5,2880,2900,3.66667,51.8,-12.5,3,100,1500,1800,441,0,1800,
17.4,4916.67,100,24,38.5,38.5,122.02,399.5,3,0,0,0,0,1,-0.8,11.6,11.5,2880,2900,3.83333,53.1,-12.5,3,100,1500,1800,441,0,12,
17.6,5000,100,24,38.5,38.5,123.48,397,3,0,0,0,0,1,-0.8,11.6,11.5,2880,2900,4,54.4,-12.5,3,100,1500,1800,441,0,12,
17.8,5083.33,100,24,38.5,38.5,124.94,394.5,3,0,0,0,0,1,-0.8,11.6,11.5,2880,2900,4.16667,55.7,-12.5,3,100,1500,1800,441,0,12,
18,5166.67,100,24,38.5,38.5,126.4,392,3,0,0,0,0,1,-0.8,11.6,11.5,2880,2900,4.33333,57,-12.5,3,100,1500,1800,441,0,12,
18.2,5250,100,24,38.5,38.5,127.86,389.5,3,0,0,0,0,1,-0.8,11.6,11.5,2880,2900,4.5,58.3,-12.5,3,100,1500,1800,441,0,12,
18.4,5333.33,100,24,38.5,38.5,129.32,387,3,0,0,0,0,1,-0.8,11.6,11.5,2880,2900,4.66667,59.6,-12.5,3,100,1500,1800,441,0,12,
18.6,5416.67,100,24,38.5,38.5,130.78,384.5,3,0,0,0,0,1,-0.8,11.6,11.5,2880,2900,4.83333,60.9,-12.5,3,100,1500,1800,441,0,12,
18.8,5500,100,24,38.5,38.5,132.24,382,3,0,0,0,0,1,-0.8,11.6,11.5,2880,2900,5,62.2,-12.5,3,100,1500,1800,441,0,12,
19,5583.33,100,24,38.5,38.5,133.7,379.5,3,0,0,0,0,1,-0.8,11.6,11.5,2880,2900,5.16667,63.5,-12.5,3,100,1500,1800,441,0,12,
19.2,5666.67,100,24,38.5,38.5,135.16,377,3,0,0,0,0,1,-0.8,11.6,11.5,2880,2900,5.33333,64.8,-12.5,3,100,1500,1800,441,0,12,
19.4,5750,100,24,38.5,38.5,136.62,374.5,3,0,0,0,0,1,-0.8,11.6,11.5,2880,2900,5.5,66.1,-12.5,3,100,1500,1800,441,0,12,
19.6,5833.33,100,24,38.5,38.5,138.08,372,3,0,0,0,0,1,-0.8,11.6,11.5,2880,2900,5.66667,67.4,-12.5,3,100,1500,1800,441,0,12,
19.8,5916.67,100,24,38.5,38.5,139.54,369.5,3,0,0,0,0,1,-0.8,11.6,11.5,2880,2900,5.83333,68.7,-12.5,3,100,1500,1800,441,0,12,
20,6000,100,24,38.5,38.5,141,367,3,0,0,0,0,1,-0.8,11.6,11.5,2880,2900,6,70,-12.5,3,100,1500,1800,441,0,12,
20.2,2000,30,5,19.5,19.5,38.1124,100,4,0,0,0,0,1,-0.8,14.7,14.7,580,580,18,45,-12.5,4,40,400,420,441,0,-2000,
20.4,2000,30,5,19.5,19.5,38.1928,100,4,0,0,0,0,1,-0.8,14.7,14.7,580,580,18,45,-12.5,4,40,400,420,441,0,-2000,
20.6,2000,30,5,19.5,19.5,38.2731,100,4,0,0,0,0,1,-0.8,14.7,14.7,580,580,18,45,-12.5,4,40,400,420,441,0,-2000,
20.8,2000,30,5,19.5,19.5,38.3534,100,4,0,0,0,0,1,-0.8,14.7,14.7,580,580,18,45,-12.5,4,40,400,420,441,0,-2000,
21,2000,30,5,19.5,19.5,38.4337,100,4,0,0,0,0,1,-0.8,14.7,14.7,580,580,18,45,-12.5,4,40,400,420,441,0,-2000,
21.2,2000,30,5,19.5,19.5,38.5141,100,4,0,0,0,0,1,-0.8,14.7,14.7,580,580,18,45,-12.5,4,40,400,420,441,0,-2000,
21.4,2000,30,5,19.5,19.5,38.5944,100,4,0,0,0,0,1,-0.8,14.7,14.7,580,580,18,45,-12.5,4,40,400,420,441,0,-2000,
21.6,2000,30,5,19.5,19.5,38.6747,100,4,0,0,0,0,1,-0.8,14.7,14.7,580,580,18,45,-12.5,4,40,400,420,441,0,-2000,
21.8,2000,30,5,19.5,19.5,38.755,100,4,0,0,0,0,1,-0.8,14.7,14.7,580,580,18,45,-12.5,4,40,400,420,441,0,-2000,
22,2000,30,5,19.5,19.5,38.8353,100,4,0,0,0,0,1,-0.8,14.7,14.7,580,580,18,45,-12.5,4,40,400,420,441,0,-2000,
22.2,2000,30,5,19.5,19.5,38.9157,100,4,0,0,0,0,1,-0.8,14.7,14.7,580,580,18,45,-12.5,4,40,400,420,441,0,-2000,
22.4,2000,30,5,19.5,19.5,38.996,100,4,0,0,0,0,1,-0.8,14.7,14.7,580,580,18,45,-12.5,4,40,400,420,441,0,-2000,
22.6,2000,30,5,19.5,19.5,39.0763,100,4,0,0,0,0,1,-0.8,14.7,14.7,580,580,18,45,-12.5,4,40,400,420,441,0,-2000,
22.8,2000,30,5,19.5,19.5,39.1566,100,4,0,0,0,0,1,-0.8,14.7,14.7,580,580,18,45,-12.5,4,40,400,420,441,0,-2000,
23,2000,30,5,19.5,19.5,39.2369,100,4,0,0,0,0,1,-0.8,14.7,14.7,580,580,18,45,-12.5,4,40,400,420,441,0,-2000,
23.2,2000,30,5,19.5,19.5,39.3173,100,4,0,0,0,0,1,-0.8,14.7,14.7,580,580,18,45,-12.5,4,40,400,420,441,0,-2000,
23.4,2000,30,5,19.5,19.5,39.3976,100,4,0,0,0,0,1,-0.8,14.7,14.7,580,580,18,45,-12.5,4,40,400,420,441,0,-2000,
23.6,2000,30,5,19.5,19.5,39.4779,100,4,0,0,0,0,1,-0.8,14.7,14.7,580,580,18,45,-12.5,4,40,400,420,441,0,-2000,
23.8,2000,30,5,19.5,19.5,39.5582,100,4,0,0,0,0,1,-0.8,14.7,14.7,580,580,18,45,-12.5,4,40,400,420,441,0,-2000,
24,2000,30,5,19.5,19.5,39.6386,100,4,0,0,0,0,1,-0.8,14.7,14.7,580,580,18,45,-12.5,4,40,400,420,441,0,-2000,
24.2,2000,30,5,19.5,19.5,39.7189,100,4,0,0,0,0,1,-0.8,14.7,14.7,580,580,18,45,-12.5,4,40,400,420,441,0,-2000,
24.4,2000,30,5,19.5,19.5,39.7992,100,4,0,0,0,0,1,-0.8,14.7,14.7,580,580,18,45,-12.5,4,40,400,420,441,0,-2000,
24.6,2000,30,5,19.5,19.5,39.8795,100,4,0,0,0,0,1,-0.8,14.7,14.7,580,580,18,45,-12.5,4,40,400,420,441,0,-2000,
24.8,2000,30,5,19.5,19.5,39.9598,100,4,0,0,0,0,1,-0.8,14.7,14.7,580,580,18,45,-12.5,4,40,400,420,441,0,-2000,
25,2000,30,5,19.5,19.5,40.0402,100,4,0,0,0,0,1,-0.8,14.7,14.7,580,580,18,45,-12.5,4,40,400,420,441,0,-2000,
25.2,2000,30,5,19.5,19.5,40.1205,100,4,0,0,0,0,1,-0.8,14.7,14.7,580,580,18,45,-12.5,4,40,400,420,441,0,-2000,
25.4,2000,30,5,19.5,19.5,40.2008,100,4,0,0,0,0,1,-0.8,14.7,14.7,580,580,18,45,-12.5,4,40,400,420,441,0,-2000,
25.6,2000,30,5,19.5,19.5,40.2811,100,4,0,0,0,0,1,-0.8,14.7,14.7,580,580,18,45,-12.5,4,40,400,420,441,0,-2000,
25.8,2000,30,5,19.5,19.5,40.3614,100,4,0,0,0,0,1,-0.8,14.7,14.7,580,580,18,45,-12.5,4,40,400,420,441,0,-2000,
26,2000,30,5,19.5,19.5,40.4418,100,4,0,0,0,0,1,-0.8,14.7,14.7,580,580,18,45,-12.5,4,40,400,420,441,0,-2000,
26.2,2000,30,5,19.5,19.5,40.5221,100,4,0,0,0,0,1,-0.8,14.7,14.7,580,580,18,45,-12.5,4,40,400,420,441,0,-2000,
26.4,2000,30,5,19.5,19.5,40.6024,100,4,0,0,0,0,1,-0.8,14.7,14.7,580,580,18,45,-12.5,4,40,400,420,441,0,-2000,
26.6,2000,30,5,19.5,19.5,40.6827,100,4,0,0,0,0,1,-0.8,14.7,14.7,580,580,18,45,-12.5,4,40,400,420,441,0,-2000,
26.8,2000,30,5,19.5,19.5,40.7631,100,4,0,0,0,0,1,-0.8,14.7,14.7,580,580,18,45,-12.5,4,40,400,420,441,0,-2000,
27,2000,30,5,19.5,19.5,40.8434,100,4,0,0,0,0,1,-0.8,14.7,14.7,580,580,18,45,-12.5,4,40,400,420,441,0,-2000,
27.2,2000,30,5,19.5,19.5,40.9237,100,4,0,0,0,0,1,-0.8,14.7,14.7,580,580,18,45,-12.5,4,40,400,420,441,0,-2000,
27.4,2000,30,5,19.5,19.5,41.004,100,4,0,0,0,0,1,-0.8,14.7,14.7,580,580,18,45,-12.5,4,40,400,420,441,0,-2000,
27.6,2000,30,5,19.5,19.5,41.0843,100,4,0,0,0,0,1,-0.8,14.7,14.7,580,580,18,45,-12.5,4,40,400,420,441,0,-2000,
27.8,2000,30,5,19.5,19.5,41.1647,100,4,0,0,0,0,1,-0.8,14.7,14.7,580,580,18,45,-12.5,4,40,400,420,441,0,-2000,
28,2000,30,5,19.5,19.5,41.245,100,4,0,0,0,0,1,-0.8,14.7,14.7,580,580,18,45,-12.5,4,40,400,420,441,0,-2000,
28.2,2000,30,5,19.5,19.5,41.3253,100,4,0,0,0,0,1,-0.8,14.7,14.7,580,580,18,45,-12.5,4,40,400,420,441,0,-2000,
28.4,2000,30,5,19.5,19.5,41.4056,100,4,0,0,0,0,1,-0.8,14.7,14.7,580,580,18,45,-12.5,4,40,400,420,441,0,-2000,
28.6,2000,30,5,19.5,19.5,41.4859,100,4,0,0,0,0,1,-0.8,14.7,14.7,580,580,18,45,-12.5,4,40,400,420,441,0,-2000,
28.8,2000,30,5,19.5,19.5,41.5663,100,4,0,0,0,0,1,-0.8,14.7,14.7,580,580,18,45,-12.5,4,40,400,420,441,0,-2000,
29,2000,30,5,19.5,19.5,41.6466,100,4,0,0,0,0,1,-0.8,14.7,14.7,580,580,18,45,-12.5,4,40,400,420,441,0,-2000,
29.2,2000,30,5,19.5,19.5,41.7269,100,4,0,0,0,0,1,-0.8,14.7,14.7,580,580,18,45,-12.5,4,40,400,420,441,0,-2000,
29.4,2000,30,5,19.5,19.5,41.8072,100,4,0,0,0,0,1,-0.8,14.7,14.7,580,580,18,45,-12.5,4,40,400,420,441,0,-2000,
29.6,2000,30,5,19.5,19.5,41.8876,100,4,0,0,0,0,1,-0.8,14.7,14.7,580,580,18,45,-12.5,4,40,400,420,441,0,-2000,
29.8,2000,30,5,19.5,19.5,41.9679,100,4,0,0,0,0,1,-0.8,14.7,14.7,580,580,18,45,-12.5,4,40,400,420,441,0,-2000,
30,2000,30,5,19.5,19.5,42.0482,100,4,0,0,0,0,1,-0.8,14.7,14.7,580,580,18,45,-12.5,4,40,400,420,441,0,-2000,
30.2,2000,30,5,19.5,19.5,42.1285,100,4,0,0,0,0,1,-0.8,14.7,14.7,580,580,18,45,-12.5,4,40,400,420,441,0,-2000,
30.4,2000,30,5,19.5,19.5,42.2088,100,4,0,0,0,0,1,-0.8,14.7,14.7,580,580,18,45,-12.5,4,40,400,420,441,0,-2000,
30.6,2000,30,5,19.5,19.5,42.2892,100,4,0,0,0,0,1,-0.8,14.7,14.7,580,580,18,45,-12.5,4,40,400,420,441,0,-2000,
30.8,2000,30,5,19.5,19.5,42.3695,100,4,0,0,0,0,1,-0.8,14.7,14.7,580,580,18,45,-12.5,4,40,400,420,441,0,-2000,
31,2000,30,5,19.5,19.5,42.4498,100,4,0,0,0,0,1,-0.8,14.7,14.7,580,580,18,45,-12.5,4,40,400,420,441,0,-2000,
31.2,2000,30,5,19.5,19.5,42.5301,100,4,0,0,0,0,1,-0.8,14.7,14.7,580,580,18,45,-12.5,4,40,400,420,441,0,-2000,
31.4,2000,30,5,19.5,19.5,42.6104,100,4,0,0,0,0,1,-0.8,14.7,14.7,580,580,18,45,-12.5,4,40,400,420,441,0,-2000,
31.6,2000,30,5,19.5,19.5,42.6908,100,4,0,0,0,0,1,-0.8,14.7,14.7,580,580,18,45,-12.5,4,40,400,420,441,0,-2000,
31.8,2000,30,5,19.5,19.5,42.7711,100,4,0,0,0,0,1,-0.8,14.7,14.7,580,580,18,45,-12.5,4,40,400,420,441,0,-2000,
32,2000,30,5,19.5,19.5,42.8514,100,4,0,0,0,0,1,-0.8,14.7,14.7,580,580,18,45,-12.5,4,40,400,420,441,0,-2000,
32.2,2000,30,5,19.5,19.5,42.9317,100,4,0,0,0,0,1,-0.8,14.7,14.7,580,580,18,45,-12.5,4,40,400,420,441,0,-2000,
32.4,2000,30,5,19.5,19.5,43.012,100,4,0,0,0,0,1,-0.8,14.7,14.7,580,580,18,45,-12.5,4,40,400,420,441,0,-2000,
32.6,2000,30,5,19.5,19.5,43.0924,100,4,0,0,0,0,1,-0.8,14.7,14.7,580,580,18,45,-12.5,4,40,400,420,441,0,-2000,
32.8,2000,30,5,19.5,19.5,43.1727,100,4,0,0,0,0,1,-0.8,14.7,14.7,580,580,18,45,-12.5,4,40,400,420,441,0,-2000,
33,2000,30,5,19.5,19.5,43.253,100,4,0,0,0,0,1,-0.8,14.7,14.7,580,580,18,45,-12.5,4,40,400,420,441,0,-2000,
33.2,2000,30,5,19.5,19.5,43.3333,100,4,0,0,0,0,1,-0.8,14.7,14.7,580,580,18,45,-12.5,4,40,400,420,441,0,-2000,
33.4,2000,30,5,19.5,19.5,43.4137,100,4,0,0,0,0,1,-0.8,14.7,14.7,580,580,18,45,-12.5,4,40,400,420,441,0,-2000,
33.6,2000,30,5,19.5,19.5,43.494,100,4,0,0,0,0,1,-0.8,14.7,14.7,580,580,18,45,-12.5,4,40,400,420,441,0,-2000,
33.8,2000,30,5,19.5,19.5,43.5743,100,4,0,0,0,0,1,-0.8,14.7,14.7,580,580,18,45,-12.5,4,40,400,420,441,0,-2000,
34,2000,30,5,19.5,19.5,43.6546,100,4,0,0,0,0,1,-0.8,14.7,14.7,580,580,18,45,-12.5,4,40,400,420,441,0,-2000,
34.2,2000,30,5,19.5,19.5,43.7349,100,4,0,0,0,0,1,-0.8,14.7,14.7,580,580,18,45,-12.5,4,40,400,420,441,0,-2000,
34.4,2000,30,5,19.5,19.5,43.8153,100,4,0,0,0,0,1,-0.8,14.7,14.7,580,580,18,45,-12.5,4,40,400,420,441,0,-2000,
34.6,2000,30,5,19.5,19.5,43.8956,100,4,0,0,0,0,1,-0.8,14.7,14.7,580,580,18,45,-12.5,4,40,400,420,441,0,-2000,
34.8,2000,30,5,19.5,19.5,43.9759,100,4,0,0,0,0,1,-0.8,14.7,14.7,580,580,18,45,-12.5,4,40,400,420,441,0,-2000,
35,2000,30,5,19.5,19.5,44.0562,100,4,0,0,0,0,1,-0.8,14.7,14.7,580,580,18,45,-12.5,4,40,400,420,441,0,-2000,
35.2,2000,30,5,19.5,19.5,44.1365,100,4,0,0,0,0,1,-0.8,14.7,14.7,580,580,18,45,-12.5,4,40,400,420,441,0,-2000,
35.4,2000,30,5,19.5,19.5,44.2169,100,4,0,0,0,0,1,-0.8,14.7,14.7,580,580,18,45,-12.5,4,40,400,420,441,0,-2000,
35.6,2000,30,5,19.5,19.5,44.2972,100,4,0,0,0,0,1,-0.8,14.7,14.7,580,580,18,45,-12.5,4,40,400,420,441,0,-2000,
35.8,2000,30,5,19.5,19.5,44.3775,100,4,0,0,0,0,1,-0.8,14.7,14.7,580,580,18,45,-12.5,4,40,400,420,441,0,-2000,
36,2000,30,5,19.5,19.5,44.4578,100,4,0,0,0,0,1,-0.8,14.7,14.7,580,580,18,45,-12.5,4,40,400,420,441,0,-2000,
36.2,2000,30,5,19.5,19.5,44.5382,100,4,0,0,0,0,1,-0.8,14.7,14.7,580,580,18,45,-12.5,4,40,400,420,441,0,-2000,
36.4,2000,30,5,19.5,19.5,44.6185,100,4,0,0,0,0,1,-0.8,14.7,14.7,580,580,18,45,-12.5,4,40,400,420,441,0,-2000,
36.6,2000,30,5,19.5,19.5,44.6988,100,4,0,0,0,0,1,-0.8,14.7,14.7,580,580,18,45,-12.5,4,40,400,420,441,0,-2000,
36.8,2000,30,5,19.5,19.5,44.7791,100,4,0,0,0,0,1,-0.8,14.7,14.7,580,580,18,45,-12.5,4,40,400,420,441,0,-2000,
37,2000,30,5,19.5,19.5,44.8594,100,4,0,0,0,0,1,-0.8,14.7,14.7,580,580,18,45,-12.5,4,40,400,420,441,0,-2000,
37.2,2000,30,5,19.5,19.5,44.9398,100,4,0,0,0,0,1,-0.8,14.7,14.7,580,580,18,45,-12.5,4,40,400,420,441,0,-2000,
37.4,2000,30,5,19.5,19.5,45.0201,100,4,0,0,0,0,1,-0.8,14.7,14.7,580,580,18,45,-12.5,4,40,400,420,441,0,-2000,
37.6,2000,30,5,19.5,19.5,45.1004,100,4,0,0,0,0,1,-0.8,14.7,14.7,580,580,18,45,-12.5,4,40,400,420,441,0,-2000,
37.8,2000,30,5,19.5,19.5,45.1807,100,4,0,0,0,0,1,-0.8,14.7,14.7,580,580,18,45,-12.5,4,40,400,420,441,0,-2000,
38,2000,30,5,19.5,19.5,45.261,100,4,0,0,0,0,1,-0.8,14.7,14.7,580,580,18,45,-12.5,4,40,400,420,441,0,-2000,
38.2,2000,30,5,19.5,19.5,45.3414,100,4,0,0,0,0,1,-0.8,14.7,14.7,580,580,18,45,-12.5,4,40,400,420,441,0,-2000,
38.4,2000,30,5,19.5,19.5,45.4217,100,4,0,0,0,0,1,-0.8,14.7,14.7,580,580,18,45,-12.5,4,40,400,420,441,0,-2000,
38.6,2000,30,5,19.5,19.5,45.502,100,4,0,0,0,0,1,-0.8,14.7,14.7,580,580,18,45,-12.5,4,40,400,420,441,0,-2000,
38.8,2000,30,5,19.5,19.5,45.5823,100,4,0,0,0,0,1,-0.8,14.7,14.7,580,580,18,45,-12.5,4,40,400,420,441,0,-2000,
39,2000,30,5,19.5,19.5,45.6627,100,4,0,0,0,0,1,-0.8,14.7,14.7,580,580,18,45,-12.5,4,40,400,420,441,0,-2000,
39.2,2000,30,5,19.5,19.5,45.743,100,4,0,0,0,0,1,-0.8,14.7,14.7,580,580,18,45,-12.5,4,40,400,420,441,0,-2000,
39.4,2000,30,5,19.5,19.5,45.8233,100,4,0,0,0,0,1,-0.8,14.7,14.7,580,580,18,45,-12.5,4,40,400,420,441,0,-2000,
39.6,2000,30,5,19.5,19.5,45.9036,100,4,0,0,0,0,1,-0.8,14.7,14.7,580,580,18,45,-12.5,4,40,400,420,441,0,-2000,
39.8,2000,30,5,19.5,19.5,45.9839,100,4,0,0,0,0,1,-0.8,14.7,14.7,580,580,18,45,-12.5,4,40,400,420,441,0,-2000,
40,2000,30,5,19.5,19.5,46.0643,100,4,0,0,0,0,1,-0.8,14.7,14.7,580,580,18,45,-12.5,4,40,400,420,441,0,-2000,
40.2,2000,30,5,19.5,19.5,46.1446,100,4,0,0,0,0,1,-0.8,14.7,14.7,580,580,18,45,-12.5,4,40,400,420,441,0,-2000,
40.4,2000,30,5,19.5,19.5,46.2249,100,4,0,0,0,0,1,-0.8,14.7,14.7,580,580,18,45,-12.5,4,40,400,420,441,0,-2000,
40.6,2000,30,5,19.5,19.5,46.3052,100,4,0,0,0,0,1,-0.8,14.7,14.7,580,580,18,45,-12.5,4,40,400,420,441,0,-2000,
40.8,2000,30,5,19.5,19.5,46.3855,100,4,0,0,0,0,1,-0.8,14.7,14.7,580,580,18,45,-12.5,4,40,400,420,441,0,-2000,
41,2000,30,5,19.5,19.5,46.4659,100,4,0,0,0,0,1,-0.8,14.7,14.7,580,580,18,45,-12.5,4,40,400,420,441,0,-2000,
41.2,2000,30,5,19.5,19.5,46.5462,100,4,0,0,0,0,1,-0.8,14.7,14.7,580,580,18,45,-12.5,4,40,400,420,441,0,-2000,
41.4,2000,30,5,19.5,19.5,46.6265,100,4,0,0,0,0,1,-0.8,14.7,14.7,580,580,18,45,-12.5,4,40,400,420,441,0,-2000,
41.6,2000,30,5,19.5,19.5,46.7068,100,4,0,0,0,0,1,-0.8,14.7,14.7,580,580,18,45,-12.5,4,40,400,420,441,0,-2000,
41.8,2000,30,5,19.5,19.5,46.7871,100,4,0,0,0,0,1,-0.8,14.7,14.7,580,580,18,45,-12.5,4,40,400,420,441,0,-2000,
42,2000,30,5,19.5,19.5,46.8675,100,4,0,0,0,0,1,-0.8,14.7,14.7,580,580,18,45,-12.5,4,40,400,420,441,0,-2000,
42.2,2000,30,5,19.5,19.5,46.9478,100,4,0,0,0,0,1,-0.8,14.7,14.7,580,580,18,45,-12.5,4,40,400,420,441,0,-2000,
42.4,2000,30,5,19.5,19.5,47.0281,100,4,0,0,0,0,1,-0.8,14.7,14.7,580,580,18,45,-12.5,4,40,400,420,441,0,-2000,
42.6,2000,30,5,19.5,19.5,47.1084,100,4,0,0,0,0,1,-0.8,14.7,14.7,580,580,18,45,-12.5,4,40,400,420,441,0,-2000,
42.8,2000,30,5,19.5,19.5,47.1888,100,4,0,0,0,0,1,-0.8,14.7,14.7,580,580,18,45,-12.5,4,40,400,420,441,0,-2000,
43,2000,30,5,19.5,19.5,47.2691,100,4,0,0,0,0,1,-0.8,14.7,14.7,580,580,18,45,-12.5,4,40,400,420,441,0,-2000,
43.2,2000,30,5,19.5,19.5,47.3494,100,4,0,0,0,0,1,-0.8,14.7,14.7,580,580,18,45,-12.5,4,40,400,420,441,0,-2000,
43.4,2000,30,5,19.5,19.5,47.4297,100,4,0,0,0,0,1,-0.8,14.7,14.7,580,580,18,45,-12.5,4,40,400,420,441,0,-2000,
43.6,2000,30,5,19.5,19.5,47.51,100,4,0,0,0,0,1,-0.8,14.7,14.7,580,580,18,45,-12.5,4,40,400,420,441,0,-2000,
43.8,2000,30,5,19.5,19.5,47.5904,100,4,0,0,0,0,1,-0.8,14.7,14.7,580,580,18,45,-12.5,4,40,400,420,441,0,-2000,
44,2000,30,5,19.5,19.5,47.6707,100,4,0,0,0,0,1,-0.8,14.7,14.7,580,580,18,45,-12.5,4,40,400,420,441,0,-2000,
44.2,2000,30,5,19.5,19.5,47.751,100,4,0,0,0,0,1,-0.8,14.7,14.7,580,580,18,45,-12.5,4,40,400,420,441,0,-2000,
44.4,2000,30,5,19.5,19.5,47.8313,100,4,0,0,0,0,1,-0.8,14.7,14.7,580,580,18,45,-12.5,4,40,400,420,441,0,-2000,
44.6,2000,30,5,19.5,19.5,47.9116,100,4,0,0,0,0,1,-0.8,14.7,14.7,580,580,18,45,-12.5,4,40,400,420,441,0,-2000,
44.8,2000,30,5,19.5,19.5,47.992,100,4,0,0,0,0,1,-0.8,14.7,14.7,580,580,18,45,-12.5,4,40,400,420,441,0,-2000,
45,2000,30,5,19.5,19.5,48.0723,100,4,0,0,0,0,1,-0.8,14.7,14.7,580,580,18,45,-12.5,4,40,400,420,441,0,-2000,
45.2,2000,30,5,19.5,19.5,48.1526,100,4,0,0,0,0,1,-0.8,14.7,14.7,580,580,18,45,-12.5,4,40,400,420,441,0,-2000,
45.4,2000,30,5,19.5,19.5,48.2329,100,4,0,0,0,0,1,-0.8,14.7,14.7,580,580,18,45,-12.5,4,40,400,420,441,0,-2000,
45.6,2000,30,5,19.5,19.5,48.3133,100,4,0,0,0,0,1,-0.8,14.7,14.7,580,580,18,45,-12.5,4,40,400,420,441,0,-2000,
45.8,2000,30,5,19.5,19.5,48.3936,100,4,0,0,0,0,1,-0.8,14.7,14.7,580,580,18,45,-12.5,4,40,400,420,441,0,-2000,
46,2000,30,5,19.5,19.5,48.4739,100,4,0,0,0,0,1,-0.8,14.7,14.7,580,580,18,45,-12.5,4,40,400,420,441,0,-2000,
46.2,2000,30,5,19.5,19.5,48.5542,100,4,0,0,0,0,1,-0.8,14.7,14.7,580,580,18,45,-12.5,4,40,400,420,441,0,-2000,
46.4,2000,30,5,19.5,19.5,48.6345,100,4,0,0,0,0,1,-0.8,14.7,14.7,580,580,18,45,-12.5,4,40,400,420,441,0,-2000,
46.6,2000,30,5,19.5,19.5,48.7149,100,4,0,0,0,0,1,-0.8,14.7,14.7,580,580,18,45,-12.5,4,40,400,420,441,0,-2000,
46.8,2000,30,5,19.5,19.5,48.7952,100,4,0,0,0,0,1,-0.8,14.7,14.7,580,580,18,45,-12.5,4,40,400,420,441,0,-2000,
47,2000,30,5,19.5,19.5,48.8755,100,4,0,0,0,0,1,-0.8,14.7,14.7,580,580,18,45,-12.5,4,40,400,420,441,0,-2000,
47.2,2000,30,5,19.5,19.5,48.9558,100,4,0,0,0,0,1,-0.8,14.7,14.7,580,580,18,45,-12.5,4,40,400,420,441,0,-2000,
47.4,2000,30,5,19.5,19.5,49.0361,100,4,0,0,0,0,1,-0.8,14.7,14.7,580,580,18,45,-12.5,4,40,400,420,441,0,-2000,
47.6,2000,30,5,19.5,19.5,49.1165,100,4,0,0,0,0,1,-0.8,14.7,14.7,580,580,18,45,-12.5,4,40,400,420,441,0,-2000,
47.8,2000,30,5,19.5,19.5,49.1968,100,4,0,0,0,0,1,-0.8,14.7,14.7,580,580,18,45,-12.5,4,40,400,420,441,0,-2000,
48,2000,30,5,19.5,19.5,49.2771,100,4,0,0,0,0,1,-0.8,14.7,14.7,580,580,18,45,-12.5,4,40,400,420,441,0,-2000,
48.2,2000,30,5,19.5,19.5,49.3574,100,4,0,0,0,0,1,-0.8,14.7,14.7,580,580,18,45,-12.5,4,40,400,420,441,0,-2000,
48.4,2000,30,5,19.5,19.5,49.4378,100,4,0,0,0,0,1,-0.8,14.7,14.7,580,580,18,45,-12.5,4,40,400,420,441,0,-2000,
48.6,2000,30,5,19.5,19.5,49.5181,100,4,0,0,0,0,1,-0.8,14.7,14.7,580,580,18,45,-12.5,4,40,400,420,441,0,-2000,
48.8,2000,30,5,19.5,19.5,49.5984,100,4,0,0,0,0,1,-0.8,14.7,14.7,580,580,18,45,-12.5,4,40,400,420,441,0,-2000,
49,2000,30,5,19.5,19.5,49.6787,100,4,0,0,0,0,1,-0.8,14.7,14.7,580,580,18,45,-12.5,4,40,400,420,441,0,-2000,
49.2,2000,30,5,19.5,19.5,49.759,100,4,0,0,0,0,1,-0.8,14.7,14.7,580,580,18,45,-12.5,4,40,400,420,441,0,-2000,
49.4,2000,30,5,19.5,19.5,49.8394,100,4,0,0,0,0,1,-0.8,14.7,14.7,580,580,18,45,-12.5,4,40,400,420,441,0,-2000,
49.6,2000,30,5,19.5,19.5,49.9197,100,4,0,0,0,0,1,-0.8,14.7,14.7,580,580,18,45,-12.5,4,40,400,420,441,0,-2000,
49.8,2000,30,5,19.5,19.5,50,100,4,0,0,0,0,1,-0.8,14.7,14.7,580,580,18,45,-12.5,4,40,400,420,441,0,-2000,
