time_s,rpm,pedal_pct,boost_psi,cat_c,ltft_pct,coolant_c,speed_kmh
0,1800,22,2.5,25,-3,90,60
0.2,1800,22,2.5,25.1345,-3,90,60
0.4,1800,22,2.5,25.2689,-3,90,60
0.6,1800,22,2.5,25.4034,-3,90,60
0.8,1800,22,2.5,25.5378,-3,90,60
1,1800,22,2.5,25.6723,-3,90,60
1.2,1800,22,2.5,25.8067,-3,90,60
1.4,1800,22,2.5,25.9412,-3,90,60
1.6,1800,22,2.5,26.0756,-3,90,60
1.8,1800,22,2.5,26.2101,-3,90,60
2,1800,22,2.5,26.3445,-3,90,60
2.2,1800,22,2.5,26.479,-3,90,60
2.4,1800,22,2.5,26.6134,-3,90,60
2.6,1800,22,2.5,26.7479,-3,90,60
2.8,1800,22,2.5,26.8824,-3,90,60
3,1800,22,2.5,27.0168,-3,90,60
3.2,1800,22,2.5,27.1513,-3,90,60
3.4,1800,22,2.5,27.2857,-3,90,60
3.6,1800,22,2.5,27.4202,-3,90,60
3.8,1800,22,2.5,27.5546,-3,90,60
4,1800,22,2.5,27.6891,-3,90,60
4.2,1800,22,2.5,27.8235,-3,90,60
4.4,1800,22,2.5,27.958,-3,90,60
4.6,1800,22,2.5,28.0924,-3,90,60
4.8,1800,22,2.5,28.2269,-3,90,60
5,1800,22,2.5,28.3613,-3,90,60
5.2,1800,22,2.5,28.4958,-3,90,60
5.4,1800,22,2.5,28.6303,-3,90,60
5.6,1800,22,2.5,28.7647,-3,90,60
5.8,1800,22,2.5,28.8992,-3,90,60
6,1800,22,2.5,29.0336,-3,90,60
6.2,1800,22,2.5,29.1681,-3,90,60
6.4,1800,22,2.5,29.3025,-3,90,60
6.6,1800,22,2.5,29.437,-3,90,60
6.8,1800,22,2.5,29.5714,-3,90,60
7,1800,22,2.5,29.7059,-3,90,60
7.2,1800,22,2.5,29.8403,-3,90,60
7.4,1800,22,2.5,29.9748,-3,90,60
7.6,1800,22,2.5,30.1092,-3,90,60
7.8,1800,22,2.5,30.2437,-3,90,60
8,1800,22,2.5,30.3782,-3,90,60
8.2,1800,22,2.5,30.5126,-3,90,60
8.4,1800,22,2.5,30.6471,-3,90,60
8.6,1800,22,2.5,30.7815,-3,90,60
8.8,1800,22,2.5,30.916,-3,90,60
9,1800,22,2.5,31.0504,-3,90,60
9.2,1800,22,2.5,31.1849,-3,90,60
9.4,1800,22,2.5,31.3193,-3,90,60
9.6,1800,22,2.5,31.4538,-3,90,60
9.8,1800,22,2.5,31.5882,-3,90,60
10,1800,22,2.5,31.7227,-3,90,60
10.2,1800,22,2.5,31.8571,-3,90,60
10.4,1800,22,2.5,31.9916,-3,90,60
10.6,1800,22,2.5,32.1261,-3,90,60
10.8,1800,22,2.5,32.2605,-3,90,60
11,1800,22,2.5,32.395,-3,90,60
11.2,1800,22,2.5,32.5294,-3,90,60
11.4,1800,22,2.5,32.6639,-3,90,60
11.6,1800,22,2.5,32.7983,-3,90,60
11.8,1800,22,2.5,32.9328,-3,90,60
12,1800,22,2.5,33.0672,-3,90,60
12.2,1800,22,2.5,33.2017,-3,90,60
12.4,1800,22,2.5,33.3361,-3,90,60
12.6,1800,22,2.5,33.4706,-3,90,60
12.8,1800,22,2.5,33.605,-3,90,60
13,1800,22,2.5,33.7395,-3,90,60
13.2,1800,22,2.5,33.8739,-3,90,60
13.4,1800,22,2.5,34.0084,-3,90,60
13.6,1800,22,2.5,34.1429,-3,90,60
13.8,1800,22,2.5,34.2773,-3,90,60
14,1800,22,2.5,34.4118,-3,90,60
14.2,1800,22,2.5,34.5462,-3,90,60
14.4,1800,22,2.5,34.6807,-3,90,60
14.6,1800,22,2.5,34.8151,-3,90,60
14.8,1800,22,2.5,34.9496,-3,90,60
15,1800,22,2.5,35.084,-3,90,60
15.2,1800,22,2.5,35.2185,-3,90,60
15.4,1800,22,2.5,35.3529,-3,90,60
15.6,1800,22,2.5,35.4874,-3,90,60
15.8,1800,22,2.5,35.6218,-3,90,60
16,1800,22,2.5,35.7563,-3,90,60
16.2,1800,22,2.5,35.8908,-3,90,60
16.4,1800,22,2.5,36.0252,-3,90,60
16.6,1800,22,2.5,36.1597,-3,90,60
16.8,1800,22,2.5,36.2941,-3,90,60
17,1800,22,2.5,36.4286,-3,90,60
17.2,1800,22,2.5,36.563,-3,90,60
17.4,1800,22,2.5,36.6975,-3,90,60
17.6,1800,22,2.5,36.8319,-3,90,60
17.8,1800,22,2.5,36.9664,-3,90,60
18,1800,22,2.5,37.1008,-3,90,60
18.2,1800,22,2.5,37.2353,-3,90,60
18.4,1800,22,2.5,37.3697,-3,90,60
18.6,1800,22,2.5,37.5042,-3,90,60
18.8,1800,22,2.5,37.6387,-3,90,60
19,1800,22,2.5,37.7731,-3,90,60
19.2,1800,22,2.5,37.9076,-3,90,60
19.4,1800,22,2.5,38.042,-3,90,60
19.6,1800,22,2.5,38.1765,-3,90,60
19.8,1800,22,2.5,38.3109,-3,90,60
20,1800,22,2.5,38.4454,-3,90,60
20.2,1800,22,2.5,38.5798,-3,90,60
20.4,1800,22,2.5,38.7143,-3,90,60
20.6,1800,22,2.5,38.8487,-3,90,60
20.8,1800,22,2.5,38.9832,-3,90,60
21,1800,22,2.5,39.1176,-3,90,60
21.2,1800,22,2.5,39.2521,-3,90,60
21.4,1800,22,2.5,39.3866,-3,90,60
21.6,1800,22,2.5,39.521,-3,90,60
21.8,1800,22,2.5,39.6555,-3,90,60
22,1800,22,2.5,39.7899,-3,90,60
22.2,1800,22,2.5,39.9244,-3,90,60
22.4,1800,22,2.5,40.0588,-3,90,60
22.6,1800,22,2.5,40.1933,-3,90,60
22.8,1800,22,2.5,40.3277,-3,90,60
23,1800,22,2.5,40.4622,-3,90,60
23.2,1800,22,2.5,40.5966,-3,90,60
23.4,1800,22,2.5,40.7311,-3,90,60
23.6,1800,22,2.5,40.8655,-3,90,60
23.8,1800,22,2.5,41,-3,90,60
