Time (sec),Engine Speed (RPM),Accel Pedal Position (%),Boost Press. (psi),PUT Set Point (psi),Press Upstream Throttle (psi),Charge Air Temperature (C),Torque Actual (ft-lb),Current Gear (-),Knock Retard Cylinder 1 (Degrees),Knock Retard Cylinder 2 (Degrees),Knock Retard Cylinder 3 (Degrees),Knock Retard Cylinder 4 (Degrees),LTFT (%),STFT (%),AFR (AFR),AFR Set Point (AFR),Rail Press. (psi),Rail Pressure Set Point (psi),Ignition Timing Final (Degrees),(DSG)Vehicle Speed (mph),Exhaust Cam Position (Degrees),"AP Info:[AP3-VLK-003 v1.7.6.0-26745][USDM Volkswagen CCF Mk7 Golf R / Audi S3 (CYFB 8V09C0BB01)][Reflash: EQT - Stage 2 91 v2.52 - LC TC BRBL-S.ptm - TCM: COBB Aggressive v110.ptm]"
0,2000,30,5,19.5,19.5,30,100,4,0,0,0,0,1,-0.8,14.7,14.7,580,580,18,45,-12.5,
0.2,2000,30,5,19.5,19.5,30.1005,100,4,0,0,0,0,1,-0.8,14.7,14.7,580,580,18,45,-12.5,
0.4,2000,30,5,19.5,19.5,30.201,100,4,0,0,0,0,1,-0.8,14.7,14.7,580,580,18,45,-12.5,
0.6,2000,30,5,19.5,19.5,30.3015,100,4,0,0,0,0,1,-0.8,14.7,14.7,580,580,18,45,-12.5,
0.8,2000,30,5,19.5,19.5,30.402,100,4,0,0,0,0,1,-0.8,14.7,14.7,580,580,18,45,-12.5,
1,2000,30,5,19.5,19.5,30.5025,100,4,0,0,0,0,1,-0.8,14.7,14.7,580,580,18,45,-12.5,
1.2,2000,30,5,19.5,19.5,30.603,100,4,0,0,0,0,1,-0.8,14.7,14.7,580,580,18,45,-12.5,
1.4,2000,30,5,19.5,19.5,30.7035,100,4,0,0,0,0,1,-0.8,14.7,14.7,580,580,18,45,-12.5,
1.6,2000,30,5,19.5,19.5,30.804,100,4,0,0,0,0,1,-0.8,14.7,14.7,580,580,18,45,-12.5,
1.8,2000,30,5,19.5,19.5,30.9045,100,4,0,0,0,0,1,-0.8,14.7,14.7,580,580,18,45,-12.5,
2,2000,30,5,19.5,19.5,31.005,100,4,0,0,0,0,1,-0.8,14.7,14.7,580,580,18,45,-12.5,
2.2,2000,30,5,19.5,19.5,31.1055,100,4,0,0,0,0,1,-0.8,14.7,14.7,580,580,18,45,-12.5,
2.4,2000,30,5,19.5,19.5,31.206,100,4,0,0,0,0,1,-0.8,14.7,14.7,580,580,18,45,-12.5,
2.6,2000,30,5,19.5,19.5,31.3065,100,4,0,0,0,0,1,-0.8,14.7,14.7,580,580,18,45,-12.5,
2.8,2000,30,5,19.5,19.5,31.407,100,4,0,0,0,0,1,-0.8,14.7,14.7,580,580,18,45,-12.5,
3,2000,30,5,19.5,19.5,31.5075,100,4,0,0,0,0,1,-0.8,14.7,14.7,580,580,18,45,-12.5,
3.2,2000,30,5,19.5,19.5,31.608,100,4,0,0,0,0,1,-0.8,14.7,14.7,580,580,18,45,-12.5,
3.4,2000,30,5,19.5,19.5,31.7085,100,4,0,0,0,0,1,-0.8,14.7,14.7,580,580,18,45,-12.5,
3.6,2000,30,5,19.5,19.5,31.809,100,4,0,0,0,0,1,-0.8,14.7,14.7,580,580,18,45,-12.5,
3.8,2000,30,5,19.5,19.5,31.9095,100,4,0,0,0,0,1,-0.8,14.7,14.7,580,580,18,45,-12.5,
4,2000,30,5,19.5,19.5,32.0101,100,4,0,0,0,0,1,-0.8,14.7,14.7,580,580,18,45,-12.5,
4.2,2000,30,5,19.5,19.5,32.1106,100,4,0,0,0,0,1,-0.8,14.7,14.7,580,580,18,45,-12.5,
4.4,2000,30,5,19.5,19.5,32.2111,100,4,0,0,0,0,1,-0.8,14.7,14.7,580,580,18,45,-12.5,
4.6,2000,30,5,19.5,19.5,32.3116,100,4,0,0,0,0,1,-0.8,14.7,14.7,580,580,18,45,-12.5,
4.8,2000,30,5,19.5,19.5,32.4121,100,4,0,0,0,0,1,-0.8,14.7,14.7,580,580,18,45,-12.5,
5,2500,100,24,38.5,25,32.5126,380,3,0,0,0,0,1,-0.8,11.6,11.5,2880,2900,8,45,-12.5,
5.2,2580,100,24,38.5,25,32.6131,380,3,0,0,0,0,1,-0.8,11.6,11.5,2880,2900,8,45,-12.5,
5.4,2660,100,24,38.5,35.3,32.7136,380,3,0,0,0,0,1,-0.8,11.6,11.5,2880,2900,8,45,-12.5,
5.6,2740,100,24,38.5,35.3,32.8141,380,3,0,0,0,0,1,-0.8,11.6,11.5,2880,2900,8,45,-12.5,
5.8,2820,100,24,38.5,35.3,32.9146,380,3,0,0,0,0,1,-0.8,11.6,11.5,2880,2900,8,45,-12.5,
6,2900,100,24,38.5,35.3,33.0151,380,3,0,0,0,0,1,-0.8,11.6,11.5,2880,2900,8,45,-12.5,
6.2,2980,100,24,38.5,35.3,33.1156,380,3,0,0,0,0,1,-0.8,11.6,11.5,2880,2900,8,45,-12.5,
6.4,3060,100,24,38.5,35.3,33.2161,380,3,0,0,0,0,1,-0.8,11.6,11.5,2880,2900,8,45,-12.5,
6.6,3140,100,24,38.5,35.3,33.3166,380,3,0,0,0,0,1,-0.8,11.6,11.5,2880,2900,8,45,-12.5,
6.8,3220,100,24,38.5,35.3,33.4171,380,3,0,0,0,0,1,-0.8,11.6,11.5,2880,2900,8,45,-12.5,
7,3300,100,24,38.5,35.3,33.5176,380,3,0,0,0,0,1,-0.8,11.6,11.5,2880,2900,8,45,-12.5,
7.2,3380,100,24,38.5,35.3,33.6181,380,3,0,0,0,0,1,-0.8,11.6,11.5,2880,2900,8,45,-12.5,
7.4,3460,100,24,38.5,35.3,33.7186,380,3,0,0,0,0,1,-0.8,11.6,11.5,2880,2900,8,45,-12.5,
7.6,3540,100,24,38.5,35.3,33.8191,380,3,0,0,0,0,1,-0.8,11.6,11.5,2880,2900,8,45,-12.5,
7.8,3620,100,24,38.5,35.3,33.9196,380,3,0,0,0,0,1,-0.8,11.6,11.5,2880,2900,8,45,-12.5,
8,3700,100,24,38.5,35.3,34.0201,380,3,0,0,0,0,1,-0.8,11.6,11.5,2880,2900,8,45,-12.5,
8.2,3780,100,24,38.5,35.3,34.1206,380,3,0,0,0,0,1,-0.8,11.6,11.5,2880,2900,8,45,-12.5,
8.4,3860,100,24,38.5,35.3,34.2211,380,3,0,0,0,0,1,-0.8,11.6,11.5,2880,2900,8,45,-12.5,
8.6,3940,100,24,38.5,35.3,34.3216,380,3,0,0,0,0,1,-0.8,11.6,11.5,2880,2900,8,45,-12.5,
8.8,4020,100,24,38.5,35.3,34.4221,380,3,0,0,0,0,1,-0.8,11.6,11.5,2880,2900,8,45,-12.5,
9,4100,100,24,38.5,35.3,34.5226,380,3,0,0,0,0,1,-0.8,11.6,11.5,2880,2900,8,45,-12.5,
9.2,4180,100,24,38.5,35.3,34.6231,380,3,0,0,0,0,1,-0.8,11.6,11.5,2880,2900,8,45,-12.5,
9.4,4260,100,24,38.5,35.3,34.7236,380,3,0,0,0,0,1,-0.8,11.6,11.5,2880,2900,8,45,-12.5,
9.6,4340,100,24,38.5,35.3,34.8241,380,3,0,0,0,0,1,-0.8,11.6,11.5,2880,2900,8,45,-12.5,
9.8,4420,100,24,38.5,35.3,34.9246,380,3,0,0,0,0,1,-0.8,11.6,11.5,2880,2900,8,45,-12.5,
10,4500,100,24,38.5,35.3,35.0251,380,3,0,0,0,0,1,-0.8,11.6,11.5,2880,2900,8,45,-12.5,
10.2,4580,100,24,38.5,35.3,35.1256,380,3,0,0,0,0,1,-0.8,11.6,11.5,2880,2900,8,45,-12.5,
10.4,4660,100,24,38.5,35.3,35.2261,380,3,0,0,0,0,1,-0.8,11.6,11.5,2880,2900,8,45,-12.5,
10.6,4740,100,24,38.5,35.3,35.3266,380,3,0,0,0,0,1,-0.8,11.6,11.5,2880,2900,8,45,-12.5,
10.8,4820,100,24,38.5,35.3,35.4271,380,3,0,0,0,0,1,-0.8,11.6,11.5,2880,2900,8,45,-12.5,
11,4900,100,24,38.5,35.3,35.5276,380,3,0,0,0,0,1,-0.8,11.6,11.5,2880,2900,8,45,-12.5,
11.2,4980,100,24,38.5,35.3,35.6281,380,3,0,0,0,0,1,-0.8,11.6,11.5,2880,2900,8,45,-12.5,
11.4,5060,100,24,38.5,35.3,35.7286,380,3,0,0,0,0,1,-0.8,11.6,11.5,2880,2900,8,45,-12.5,
11.6,5140,100,24,38.5,35.3,35.8291,380,3,0,0,0,0,1,-0.8,11.6,11.5,2880,2900,8,45,-12.5,
11.8,5220,100,24,38.5,35.3,35.9296,380,3,0,0,0,0,1,-0.8,11.6,11.5,2880,2900,8,45,-12.5,
12,5300,100,24,38.5,35.3,36.0302,380,3,0,0,0,0,1,-0.8,11.6,11.5,2880,2900,8,45,-12.5,
12.2,5380,100,24,38.5,35.3,36.1307,380,3,0,0,0,0,1,-0.8,11.6,11.5,2880,2900,8,45,-12.5,
12.4,5460,100,24,38.5,35.3,36.2312,380,3,0,0,0,0,1,-0.8,11.6,11.5,2880,2900,8,45,-12.5,
12.6,5540,100,24,38.5,35.3,36.3317,380,3,0,0,0,0,1,-0.8,11.6,11.5,2880,2900,8,45,-12.5,
12.8,5620,100,24,38.5,35.3,36.4322,380,3,0,0,0,0,1,-0.8,11.6,11.5,2880,2900,8,45,-12.5,
13,5700,100,24,38.5,35.3,36.5327,380,3,0,0,0,0,1,-0.8,11.6,11.5,2880,2900,8,45,-12.5,
13.2,5780,100,24,38.5,35.3,36.6332,380,3,0,0,0,0,1,-0.8,11.6,11.5,2880,2900,8,45,-12.5,
13.4,5860,100,24,38.5,35.3,36.7337,380,3,0,0,0,0,1,-0.8,11.6,11.5,2880,2900,8,45,-12.5,
13.6,5940,100,24,38.5,35.3,36.8342,380,3,0,0,0,0,1,-0.8,11.6,11.5,2880,2900,8,45,-12.5,
13.8,6020,100,24,38.5,35.3,36.9347,380,3,0,0,0,0,1,-0.8,11.6,11.5,2880,2900,8,45,-12.5,
14,6100,100,24,38.5,35.3,37.0352,380,3,0,0,0,0,1,-0.8,11.6,11.5,2880,2900,8,45,-12.5,
14.2,6180,100,24,38.5,35.3,37.1357,380,3,0,0,0,0,1,-0.8,11.6,11.5,2880,2900,8,45,-12.5,
14.4,6260,100,24,38.5,35.3,37.2362,380,3,0,0,0,0,1,-0.8,11.6,11.5,2880,2900,8,45,-12.5,
14.6,6340,100,24,38.5,35.3,37.3367,380,3,0,0,0,0,1,-0.8,11.6,11.5,2880,2900,8,45,-12.5,
14.8,6420,100,24,38.5,35.3,37.4372,380,3,0,0,0,0,1,-0.8,11.6,11.5,2880,2900,8,45,-12.5,
15,6500,100,24,38.5,35.3,37.5377,380,3,0,0,0,0,1,-0.8,11.6,11.5,2880,2900,8,45,-12.5,
15.2,2000,30,5,19.5,19.5,37.6382,100,4,0,0,0,0,1,-0.8,14.7,14.7,580,580,18,45,-12.5,
15.4,2000,30,5,19.5,19.5,37.7387,100,4,0,0,0,0,1,-0.8,14.7,14.7,580,580,18,45,-12.5,
15.6,2000,30,5,19.5,19.5,37.8392,100,4,0,0,0,0,1,-0.8,14.7,14.7,580,580,18,45,-12.5,
15.8,2000,30,5,19.5,19.5,37.9397,100,4,0,0,0,0,1,-0.8,14.7,14.7,580,580,18,45,-12.5,
16,2000,30,5,19.5,19.5,38.0402,100,4,0,0,0,0,1,-0.8,14.7,14.7,580,580,18,45,-12.5,
16.2,2000,30,5,19.5,19.5,38.1407,100,4,0,0,0,0,1,-0.8,14.7,14.7,580,580,18,45,-12.5,
16.4,2000,30,5,19.5,19.5,38.2412,100,4,0,0,0,0,1,-0.8,14.7,14.7,580,580,18,45,-12.5,
16.6,2000,30,5,19.5,19.5,38.3417,100,4,0,0,0,0,1,-0.8,14.7,14.7,580,580,18,45,-12.5,
16.8,2000,30,5,19.5,19.5,38.4422,100,4,0,0,0,0,1,-0.8,14.7,14.7,580,580,18,45,-12.5,
17,2000,30,5,19.5,19.5,38.5427,100,4,0,0,0,0,1,-0.8,14.7,14.7,580,580,18,45,-12.5,
17.2,2000,30,5,19.5,19.5,38.6432,100,4,0,0,0,0,1,-0.8,14.7,14.7,580,580,18,45,-12.5,
17.4,2000,30,5,19.5,19.5,38.7437,100,4,0,0,0,0,1,-0.8,14.7,14.7,580,580,18,45,-12.5,
17.6,2000,30,5,19.5,19.5,38.8442,100,4,0,0,0,0,1,-0.8,14.7,14.7,580,580,18,45,-12.5,
17.8,2000,30,5,19.5,19.5,38.9447,100,4,0,0,0,0,1,-0.8,14.7,14.7,580,580,18,45,-12.5,
18,2000,30,5,19.5,19.5,39.0452,100,4,0,0,0,0,1,-0.8,14.7,14.7,580,580,18,45,-12.5,
18.2,2000,30,5,19.5,19.5,39.1457,100,4,0,0,0,0,1,-0.8,14.7,14.7,580,580,18,45,-12.5,
18.4,2000,30,5,19.5,19.5,39.2462,100,4,0,0,0,0,1,-0.8,14.7,14.7,580,580,18,45,-12.5,
18.6,2000,30,5,19.5,19.5,39.3467,100,4,0,0,0,0,1,-0.8,14.7,14.7,580,580,18,45,-12.5,
18.8,2000,30,5,19.5,19.5,39.4472,100,4,0,0,0,0,1,-0.8,14.7,14.7,580,580,18,45,-12.5,
19,2000,30,5,19.5,19.5,39.5477,100,4,0,0,0,0,1,-0.8,14.7,14.7,580,580,18,45,-12.5,
19.2,2000,30,5,19.5,19.5,39.6482,100,4,0,0,0,0,1,-0.8,14.7,14.7,580,580,18,45,-12.5,
19.4,2000,30,5,19.5,19.5,39.7487,100,4,0,0,0,0,1,-0.8,14.7,14.7,580,580,18,45,-12.5,
19.6,2000,30,5,19.5,19.5,39.8492,100,4,0,0,0,0,1,-0.8,14.7,14.7,580,580,18,45,-12.5,
19.8,2000,30,5,19.5,19.5,39.9497,100,4,0,0,0,0,1,-0.8,14.7,14.7,580,580,18,45,-12.5,
20,2000,30,5,19.5,19.5,40.0503,100,4,0,0,0,0,1,-0.8,14.7,14.7,580,580,18,45,-12.5,
20.2,2000,30,5,19.5,19.5,40.1508,100,4,0,0,0,0,1,-0.8,14.7,14.7,580,580,18,45,-12.5,
20.4,2000,30,5,19.5,19.5,40.2513,100,4,0,0,0,0,1,-0.8,14.7,14.7,580,580,18,45,-12.5,
20.6,2000,30,5,19.5,19.5,40.3518,100,4,0,0,0,0,1,-0.8,14.7,14.7,580,580,18,45,-12.5,
20.8,2000,30,5,19.5,19.5,40.4523,100,4,0,0,0,0,1,-0.8,14.7,14.7,580,580,18,45,-12.5,
21,2000,30,5,19.5,19.5,40.5528,100,4,0,0,0,0,1,-0.8,14.7,14.7,580,580,18,45,-12.5,
21.2,2000,30,5,19.5,19.5,40.6533,100,4,0,0,0,0,1,-0.8,14.7,14.7,580,580,18,45,-12.5,
21.4,2000,30,5,19.5,19.5,40.7538,100,4,0,0,0,0,1,-0.8,14.7,14.7,580,580,18,45,-12.5,
21.6,2000,30,5,19.5,19.5,40.8543,100,4,0,0,0,0,1,-0.8,14.7,14.7,580,580,18,45,-12.5,
21.8,2000,30,5,19.5,19.5,40.9548,100,4,0,0,0,0,1,-0.8,14.7,14.7,580,580,18,45,-12.5,
22,2000,30,5,19.5,19.5,41.0553,100,4,0,0,0,0,1,-0.8,14.7,14.7,580,580,18,45,-12.5,
22.2,2000,30,5,19.5,19.5,41.1558,100,4,0,0,0,0,1,-0.8,14.7,14.7,580,580,18,45,-12.5,
22.4,2000,30,5,19.5,19.5,41.2563,100,4,0,0,0,0,1,-0.8,14.7,14.7,580,580,18,45,-12.5,
22.6,2000,30,5,19.5,19.5,41.3568,100,4,0,0,0,0,1,-0.8,14.7,14.7,580,580,18,45,-12.5,
22.8,2000,30,5,19.5,19.5,41.4573,100,4,0,0,0,0,1,-0.8,14.7,14.7,580,580,18,45,-12.5,
23,2000,30,5,19.5,19.5,41.5578,100,4,0,0,0,0,1,-0.8,14.7,14.7,580,580,18,45,-12.5,
23.2,2000,30,5,19.5,19.5,41.6583,100,4,0,0,0,0,1,-0.8,14.7,14.7,580,580,18,45,-12.5,
23.4,2000,30,5,19.5,19.5,41.7588,100,4,0,0,0,0,1,-0.8,14.7,14.7,580,580,18,45,-12.5,
23.6,2000,30,5,19.5,19.5,41.8593,100,4,0,0,0,0,1,-0.8,14.7,14.7,580,580,18,45,-12.5,
23.8,2000,30,5,19.5,19.5,41.9598,100,4,0,0,0,0,1,-0.8,14.7,14.7,580,580,18,45,-12.5,
24,2000,30,5,19.5,19.5,42.0603,100,4,0,0,0,0,1,-0.8,14.7,14.7,580,580,18,45,-12.5,
24.2,2000,30,5,19.5,19.5,42.1608,100,4,0,0,0,0,1,-0.8,14.7,14.7,580,580,18,45,-12.5,
24.4,2000,30,5,19.5,19.5,42.2613,100,4,0,0,0,0,1,-0.8,14.7,14.7,580,580,18,45,-12.5,
24.6,2000,30,5,19.5,19.5,42.3618,100,4,0,0,0,0,1,-0.8,14.7,14.7,580,580,18,45,-12.5,
24.8,2000,30,5,19.5,19.5,42.4623,100,4,0,0,0,0,1,-0.8,14.7,14.7,580,580,18,45,-12.5,
25,2000,30,5,19.5,19.5,42.5628,100,4,0,0,0,0,1,-0.8,14.7,14.7,580,580,18,45,-12.5,
25.2,2000,30,5,19.5,19.5,42.6633,100,4,0,0,0,0,1,-0.8,14.7,14.7,580,580,18,45,-12.5,
25.4,2000,30,5,19.5,19.5,42.7638,100,4,0,0,0,0,1,-0.8,14.7,14.7,580,580,18,45,-12.5,
25.6,2000,30,5,19.5,19.5,42.8643,100,4,0,0,0,0,1,-0.8,14.7,14.7,580,580,18,45,-12.5,
25.8,2000,30,5,19.5,19.5,42.9648,100,4,0,0,0,0,1,-0.8,14.7,14.7,580,580,18,45,-12.5,
26,2000,30,5,19.5,19.5,43.0653,100,4,0,0,0,0,1,-0.8,14.7,14.7,580,580,18,45,-12.5,
26.2,2000,30,5,19.5,19.5,43.1658,100,4,0,0,0,0,1,-0.8,14.7,14.7,580,580,18,45,-12.5,
26.4,2000,30,5,19.5,19.5,43.2663,100,4,0,0,0,0,1,-0.8,14.7,14.7,580,580,18,45,-12.5,
26.6,2000,30,5,19.5,19.5,43.3668,100,4,0,0,0,0,1,-0.8,14.7,14.7,580,580,18,45,-12.5,
26.8,2000,30,5,19.5,19.5,43.4673,100,4,0,0,0,0,1,-0.8,14.7,14.7,580,580,18,45,-12.5,
27,2000,30,5,19.5,19.5,43.5678,100,4,0,0,0,0,1,-0.8,14.7,14.7,580,580,18,45,-12.5,
27.2,2000,30,5,19.5,19.5,43.6683,100,4,0,0,0,0,1,-0.8,14.7,14.7,580,580,18,45,-12.5,
27.4,2000,30,5,19.5,19.5,43.7688,100,4,0,0,0,0,1,-0.8,14.7,14.7,580,580,18,45,-12.5,
27.6,2000,30,5,19.5,19.5,43.8693,100,4,0,0,0,0,1,-0.8,14.7,14.7,580,580,18,45,-12.5,
27.8,2000,30,5,19.5,19.5,43.9698,100,4,0,0,0,0,1,-0.8,14.7,14.7,580,580,18,45,-12.5,
28,2000,30,5,19.5,19.5,44.0704,100,4,0,0,0,0,1,-0.8,14.7,14.7,580,580,18,45,-12.5,
28.2,2000,30,5,19.5,19.5,44.1709,100,4,0,0,0,0,1,-0.8,14.7,14.7,580,580,18,45,-12.5,
28.4,2000,30,5,19.5,19.5,44.2714,100,4,0,0,0,0,1,-0.8,14.7,14.7,580,580,18,45,-12.5,
28.6,2000,30,5,19.5,19.5,44.3719,100,4,0,0,0,0,1,-0.8,14.7,14.7,580,580,18,45,-12.5,
28.8,2000,30,5,19.5,19.5,44.4724,100,4,0,0,0,0,1,-0.8,14.7,14.7,580,580,18,45,-12.5,
29,2000,30,5,19.5,19.5,44.5729,100,4,0,0,0,0,1,-0.8,14.7,14.7,580,580,18,45,-12.5,
29.2,2000,30,5,19.5,19.5,44.6734,100,4,0,0,0,0,1,-0.8,14.7,14.7,580,580,18,45,-12.5,
29.4,2000,30,5,19.5,19.5,44.7739,100,4,0,0,0,0,1,-0.8,14.7,14.7,580,580,18,45,-12.5,
29.6,2000,30,5,19.5,19.5,44.8744,100,4,0,0,0,0,1,-0.8,14.7,14.7,580,580,18,45,-12.5,
29.8,2000,30,5,19.5,19.5,44.9749,100,4,0,0,0,0,1,-0.8,14.7,14.7,580,580,18,45,-12.5,
30,2000,30,5,19.5,19.5,45.0754,100,4,0,0,0,0,1,-0.8,14.7,14.7,580,580,18,45,-12.5,
30.2,2000,30,5,19.5,19.5,45.1759,100,4,0,0,0,0,1,-0.8,14.7,14.7,580,580,18,45,-12.5,
30.4,2000,30,5,19.5,19.5,45.2764,100,4,0,0,0,0,1,-0.8,14.7,14.7,580,580,18,45,-12.5,
30.6,2000,30,5,19.5,19.5,45.3769,100,4,0,0,0,0,1,-0.8,14.7,14.7,580,580,18,45,-12.5,
30.8,2000,30,5,19.5,19.5,45.4774,100,4,0,0,0,0,1,-0.8,14.7,14.7,580,580,18,45,-12.5,
31,2000,30,5,19.5,19.5,45.5779,100,4,0,0,0,0,1,-0.8,14.7,14.7,580,580,18,45,-12.5,
31.2,2000,30,5,19.5,19.5,45.6784,100,4,0,0,0,0,1,-0.8,14.7,14.7,580,580,18,45,-12.5,
31.4,2000,30,5,19.5,19.5,45.7789,100,4,0,0,0,0,1,-0.8,14.7,14.7,580,580,18,45,-12.5,
31.6,2000,30,5,19.5,19.5,45.8794,100,4,0,0,0,0,1,-0.8,14.7,14.7,580,580,18,45,-12.5,
31.8,2000,30,5,19.5,19.5,45.9799,100,4,0,0,0,0,1,-0.8,14.7,14.7,580,580,18,45,-12.5,
32,2000,30,5,19.5,19.5,46.0804,100,4,0,0,0,0,1,-0.8,14.7,14.7,580,580,18,45,-12.5,
32.2,2000,30,5,19.5,19.5,46.1809,100,4,0,0,0,0,1,-0.8,14.7,14.7,580,580,18,45,-12.5,
32.4,2000,30,5,19.5,19.5,46.2814,100,4,0,0,0,0,1,-0.8,14.7,14.7,580,580,18,45,-12.5,
32.6,2000,30,5,19.5,19.5,46.3819,100,4,0,0,0,0,1,-0.8,14.7,14.7,580,580,18,45,-12.5,
32.8,2000,30,5,19.5,19.5,46.4824,100,4,0,0,0,0,1,-0.8,14.7,14.7,580,580,18,45,-12.5,
33,2000,30,5,19.5,19.5,46.5829,100,4,0,0,0,0,1,-0.8,14.7,14.7,580,580,18,45,-12.5,
33.2,2000,30,5,19.5,19.5,46.6834,100,4,0,0,0,0,1,-0.8,14.7,14.7,580,580,18,45,-12.5,
33.4,2000,30,5,19.5,19.5,46.7839,100,4,0,0,0,0,1,-0.8,14.7,14.7,580,580,18,45,-12.5,
33.6,2000,30,5,19.5,19.5,46.8844,100,4,0,0,0,0,1,-0.8,14.7,14.7,580,580,18,45,-12.5,
33.8,2000,30,5,19.5,19.5,46.9849,100,4,0,0,0,0,1,-0.8,14.7,14.7,580,580,18,45,-12.5,
34,2000,30,5,19.5,19.5,47.0854,100,4,0,0,0,0,1,-0.8,14.7,14.7,580,580,18,45,-12.5,
34.2,2000,30,5,19.5,19.5,47.1859,100,4,0,0,0,0,1,-0.8,14.7,14.7,580,580,18,45,-12.5,
34.4,2000,30,5,19.5,19.5,47.2864,100,4,0,0,0,0,1,-0.8,14.7,14.7,580,580,18,45,-12.5,
34.6,2000,30,5,19.5,19.5,47.3869,100,4,0,0,0,0,1,-0.8,14.7,14.7,580,580,18,45,-12.5,
34.8,2000,30,5,19.5,19.5,47.4874,100,4,0,0,0,0,1,-0.8,14.7,14.7,580,580,18,45,-12.5,
35,2000,30,5,19.5,19.5,47.5879,100,4,0,0,0,0,1,-0.8,14.7,14.7,580,580,18,45,-12.5,
35.2,2000,30,5,19.5,19.5,47.6884,100,4,0,0,0,0,1,-0.8,14.7,14.7,580,580,18,45,-12.5,
35.4,2000,30,5,19.5,19.5,47.7889,100,4,0,0,0,0,1,-0.8,14.7,14.7,580,580,18,45,-12.5,
35.6,2000,30,5,19.5,19.5,47.8894,100,4,0,0,0,0,1,-0.8,14.7,14.7,580,580,18,45,-12.5,
35.8,2000,30,5,19.5,19.5,47.9899,100,4,0,0,0,0,1,-0.8,14.7,14.7,580,580,18,45,-12.5,
36,2000,30,5,19.5,19.5,48.0905,100,4,0,0,0,0,1,-0.8,14.7,14.7,580,580,18,45,-12.5,
36.2,2000,30,5,19.5,19.5,48.191,100,4,0,0,0,0,1,-0.8,14.7,14.7,580,580,18,45,-12.5,
36.4,2000,30,5,19.5,19.5,48.2915,100,4,0,0,0,0,1,-0.8,14.7,14.7,580,580,18,45,-12.5,
36.6,2000,30,5,19.5,19.5,48.392,100,4,0,0,0,0,1,-0.8,14.7,14.7,580,580,18,45,-12.5,
36.8,2000,30,5,19.5,19.5,48.4925,100,4,0,0,0,0,1,-0.8,14.7,14.7,580,580,18,45,-12.5,
37,2000,30,5,19.5,19.5,48.593,100,4,0,0,0,0,1,-0.8,14.7,14.7,580,580,18,45,-12.5,
37.2,2000,30,5,19.5,19.5,48.6935,100,4,0,0,0,0,1,-0.8,14.7,14.7,580,580,18,45,-12.5,
37.4,2000,30,5,19.5,19.5,48.794,100,4,0,0,0,0,1,-0.8,14.7,14.7,580,580,18,45,-12.5,
37.6,2000,30,5,19.5,19.5,48.8945,100,4,0,0,0,0,1,-0.8,14.7,14.7,580,580,18,45,-12.5,
37.8,2000,30,5,19.5,19.5,48.995,100,4,0,0,0,0,1,-0.8,14.7,14.7,580,580,18,45,-12.5,
38,2000,30,5,19.5,19.5,49.0955,100,4,0,0,0,0,1,-0.8,14.7,14.7,580,580,18,45,-12.5,
38.2,2000,30,5,19.5,19.5,49.196,100,4,0,0,0,0,1,-0.8,14.7,14.7,580,580,18,45,-12.5,
38.4,2000,30,5,19.5,19.5,49.2965,100,4,0,0,0,0,1,-0.8,14.7,14.7,580,580,18,45,-12.5,
38.6,2000,30,5,19.5,19.5,49.397,100,4,0,0,0,0,1,-0.8,14.7,14.7,580,580,18,45,-12.5,
38.8,2000,30,5,19.5,19.5,49.4975,100,4,0,0,0,0,1,-0.8,14.7,14.7,580,580,18,45,-12.5,
39,2000,30,5,19.5,19.5,49.598,100,4,0,0,0,0,1,-0.8,14.7,14.7,580,580,18,45,-12.5,
39.2,2000,30,5,19.5,19.5,49.6985,100,4,0,0,0,0,1,-0.8,14.7,14.7,580,580,18,45,-12.5,
39.4,2000,30,5,19.5,19.5,49.799,100,4,0,0,0,0,1,-0.8,14.7,14.7,580,580,18,45,-12.5,
39.6,2000,30,5,19.5,19.5,49.8995,100,4,0,0,0,0,1,-0.8,14.7,14.7,580,580,18,45,-12.5,
39.8,2000,30,5,19.5,19.5,50,100,4,0,0,0,0,1,-0.8,14.7,14.7,580,580,18,45,-12.5,
